title	author	date	lists	status	held_or_source	pd	note	batch
The Iliad	Homer	c. 750 BC	BCS; CC; Canon; CiRCE; Logos; Logos Online; Memoria; NSA	held	homer shelf (many PD tr.: Butler, Lang/Leaf/Myers, Chapman, Pope, Cowper…)	PD in PD translations; Fagles (CC) is not PD		
The Odyssey	Homer	c. 725 BC	BCS; CC; Canon; CiRCE; Logos; Logos Online; Memoria; NSA	held	homer shelf (Butcher & Lang, Butler, Palmer, Chapman, Pope…)	PD in PD translations; Fagles is not PD		
The Aeneid	Virgil	c. 19 BC	BCS; CC; Canon; CiRCE; Logos; Logos Online; Memoria; NSA	held	aeneid-williams; virgil + dryden shelves	PD in PD translations; Fitzgerald is not PD		
Eclogues and Georgics	Virgil	c. 39–29 BC	Logos Online; NSA	held	virgil-eclogues; dryden-georgics, dryden-eclogues	PD (Dryden, Mackail…)		
Theogony; Works and Days	Hesiod	c. 700 BC	BCS; CC	held	hesiod-evelyn-white (PG 348) + hesiod shelf	PD (Evelyn-White 1914); West is not PD		
Oedipus the King and the Theban plays	Sophocles	c. 429 BC	BCS; CC; CiRCE; Logos Online; Memoria	held	sophocles-storr-theban, sophocles-campbell-seven, Jebb	PD (Jebb, Storr, Campbell); Young 1888 also PD		
The Oresteia	Aeschylus	458 BC	BCS; Logos Online; Memoria; NSA	held	aeschylus shelf (Campbell 1893, Morshead…)	PD		
The Bacchae and other plays	Euripides	5th c. BC	BCS; Logos Online; Memoria	held	euripides shelf (Buckley, Coleridge, Way…)	PD		
Lysistrata and other plays	Aristophanes	5th c. BC	Logos Online	held	aristophanes-athenian-v1/v2	PD		
Plato: Apology, Crito, Phaedo, Meno, Gorgias, Republic	Plato	4th c. BC	BCS; CC; Canon; CiRCE; Logos Online; Memoria; NSA	held	plato-dialogues, plato-jowett-1892-v1..v5	PD (Jowett 1892)		
Aristotle: Ethics, Politics, Poetics	Aristotle	4th c. BC	BCS; CiRCE; Logos Online; Memoria; NSA	held	aristotle-ethics, aristotle-ellis-politics-pg, aristotle-ross-*	PD (Ross Oxford, Chase, Ellis, Butcher)		
Elements	Euclid	c. 300 BC	Logos Online; NSA	held	euclid-heath-v1..v3	PD (Heath 1908)		
The Histories	Herodotus	c. 430 BC	BCS; CiRCE; Logos; Logos Online; NSA	held	herodotus-history, herodotus-histories-godley	PD (Macaulay, Rawlinson)		
History of the Peloponnesian War	Thucydides	c. 400 BC	Logos Online; NSA	held	thucydides-history-crawley; thucydides shelf	PD (Crawley, Jowett)		
Cyropaedia	Xenophon	c. 370 BC	NSA	held	xenophon-cyropaedia (PG 2085)	PD (Dakyns)		
On the Nature of Things	Lucretius	c. 55 BC	CiRCE; Logos Online	held	lucretius-bailey-1910, lucretius-munro-translation	PD		
Cicero: orations and selected works	Cicero	1st c. BC	BCS; CC; Logos Online; Memoria	held	cicero shelf (Yonge, Greenwood…)	PD		
Commentaries (Gallic and Civil Wars)	Julius Caesar	c. 50 BC	CC; Memoria	held	caesar shelf (McDevitte & Bohn, Duncan)	PD		
History of Rome (Ab Urbe Condita)	Livy	27–9 BC	BCS; Logos Online	held	livy-bohn-1-8 … livy-bohn-37-end	PD (Spillan & Edmonds, Bohn)		
Metamorphoses	Ovid	AD 8	Logos; Logos Online; NSA	held	dryden-garth-metamorphoses; ovid shelf	PD		
Annals	Tacitus	c. AD 116	BCS; Logos Online	held	tacitus-annals, tacitus-church-brodribb-annals	PD (Church & Brodribb)		
Parallel Lives	Plutarch	c. AD 100	BCS; CiRCE; Logos Online	held	plutarch-lives (Dryden/Clough), plutarch-langhorne-lives	PD		
Antiquities; The Jewish War	Josephus	c. AD 75–94	BCS; Logos Online; Memoria	held	josephus-ant-whiston, josephus-war-whiston (PR #8/#9 branches)	PD (Whiston 1737)		
Meditations	Marcus Aurelius	c. AD 170–180	BCS; Canon; CiRCE; Logos Online	held	marcus-meditations (Long) + marcus-aurelius shelf	PD (Long 1862)		
Seneca: essays and letters	Seneca	1st c. AD	BCS	held	seneca shelf	PD		
Aesop's Fables	Aesop	6th c. BC	CiRCE; Logos; Logos Online	held	aesop-jacobs (PG 28) + aesop shelf	PD		
Fables	Phaedrus	1st c. AD	Logos	held	phaedrus-riley-smart (PG 25512)	PD		
Enuma Elish (the Seven Tablets of Creation)	anonymous (Babylonian)	c. 1200 BC	BCS	missing	source: L. W. King, The Seven Tablets of Creation (1902), Internet Archive	PD (King 1902)	Gilgamesh is held; Enuma Elish is not	
The Code of Hammurabi	Hammurabi	c. 1754 BC	Logos Online	missing	source: L. W. King tr. (1910) / R. F. Harper (1904), Internet Archive or PG 17150	PD		
Epic of Gilgamesh	anonymous	c. 1800 BC	BCS; Logos; Logos Online	held	gilgamesh (Jastrow & Clay 1920)	PD (Jastrow & Clay); modern versions are not		
The Apocrypha	various	3rd–1st c. BC	BCS; CiRCE; Logos Online	held	kjv-apocrypha / kjva	PD (KJV)		
The Bible (KJV, Psalms, Genesis, Jonah, Vulgate, LXX)	various	—	BCS; CC; CiRCE; Memoria; NSA	held	kjv; Vulgate, Douay, Brenton LXX on PR #9	PD (KJV, Clementine Vulgate, Brenton)		
The Apostolic Fathers	various	c. AD 90–150	BCS; Logos Online; Memoria	held	lightfoot-apostolic-fathers (CCEL, PR #11)	PD (Lightfoot & Harmer 1891)		
On the Incarnation	Athanasius	c. AD 318	BCS; CiRCE; Logos Online; NSA	held	athanasius-de-incarnatione-schaff (NPNF2 4, PR #11)	PD (Robertson 1891); Lewis's preface is not PD		
Ecclesiastical History	Eusebius	c. AD 325	Logos; Logos Online; Memoria	held	eusebius-historia-ecclesiastica-schaff / schaff-npnf201	PD (McGiffert 1890)		
Confessions	Augustine	c. AD 400	BCS; CiRCE; Logos Online; NSA	held	augustine-confessions (Pusey)	PD		
The City of God	Augustine	AD 413–426	BCS; CiRCE; Logos Online; Memoria; NSA	held	augustine-cityofgod (Dods)	PD		
On Christian Doctrine (De doctrina christiana)	Augustine	AD 397–426	BCS; CiRCE; Logos Online; NSA	held	schaff-npnf102 (NPNF1 2, PR #11)	PD (Shaw 1887)		
On the Deaths of the Persecutors	Lactantius	c. AD 315	NSA	partial	lactantius-…-lat (Latin only); English in ANF 7	PD (Fletcher, ANF 7)	check schaff-anf07 on PR #11	
Address to Young Men on Greek Literature	Basil of Caesarea	4th c.	BCS	missing	source: F. M. Padelford, Essays on the Study and Use of Poetry by Plutarch and Basil (1902), IA	PD (Padelford 1902)	not in NPNF2 8	
The Consolation of Philosophy	Boethius	c. 524	BCS; Canon; Logos Online; Memoria; NSA	held	boethius-james (PG 14328), boethius-rand-stewart	PD		
The Rule of St. Benedict	Benedict of Nursia	c. 530	CiRCE; Logos Online	missing	source: Verheyen tr. 1906 or Gasquet 1909, Internet Archive (PG's Doyle tr. is 1948, not PD)	PD (Gasquet 1909)		
Ecclesiastical History of the English People	Bede	731	Logos; Logos Online	missing	source: Sellar tr. 1907 (PG 38326)	PD		
Two Lives of Charlemagne	Einhard; Notker	c. 830; 885	Logos Online	missing	source: Einhard, Turner tr. 1880; Notker in Grant 1922 (Internet Archive)	PD (Turner 1880; Grant 1922)		
Chronicle of the Kings of England	William of Malmesbury	c. 1125	Logos Online	missing	source: Giles/Bohn 1847, Internet Archive	PD		
History of the Kings of Britain	Geoffrey of Monmouth	c. 1136	Logos Online	missing	source: Giles, Six Old English Chronicles (1848) or Evans tr. 1904, Internet Archive	PD (Evans 1904)		
The Song of Roland	anonymous	c. 1100	BCS; Logos Online	missing	source: Scott-Moncrieff tr. 1919 (PG 391)	PD		
Beowulf	anonymous	c. 700–1000	BCS; CC; CiRCE; Logos; Logos Online; NSA	held	beowulf (Gummere) + beowulf shelf	PD (Gummere 1910); CC's modern tr. is not		
Sir Gawain and the Green Knight	anonymous	c. 1390	CC; CiRCE; Logos Online; Memoria; NSA	held	weston-gawain-and-the-green-knight (PG 66084)	PD (Weston 1898); Tolkien is not		
The Saga of the Volsungs	anonymous	13th c.	Logos Online	held	edda-volsunga-morris (PG 1152)	PD		
Exeter Book elegies and riddles	anonymous	10th c.	NSA	missing	source: Gollancz, The Exeter Book (EETS 1895); Tupper's Riddles 1910	PD	Old English with facing translation	
Old English prose: Alfred and Aelfric	Alfred; Aelfric	9th–10th c.	NSA	missing	source: Sedgefield's Boethius (1900), Thorpe's Homilies of Aelfric (1844–6), IA	PD		
Junius 11 (Caedmonian Old Testament poems)	anonymous	c. 1000	NSA	missing	source: Kennedy, The Caedmon Poems tr. (1916), IA	PD (Kennedy 1916)		
Summa Theologica	Thomas Aquinas	1265–1274	BCS; CiRCE; Logos Online; NSA	held	aquinas-summa, -1-2, -2-2, -3	PD (English Dominicans 1911–25)		
The Mind's Road to God	Bonaventure	1259	NSA	missing	source: no confirmed PD English yet (Boas 1953 is not PD)	needs a PD translation	search IA for a pre-1931 English edition	
Anselm: Proslogion, Cur Deus Homo	Anselm of Canterbury	11th c.	BCS; NSA	missing	source: S. N. Deane tr. 1903 (Open Court), Internet Archive	PD (Deane 1903)		
The Divine Comedy	Dante Alighieri	c. 1308–1320	BCS; Canon; CiRCE; Logos Online; Memoria; NSA	held	divine_comedy (Cary), longfellow-*, norton-*	PD		
Canzoniere (Rime)	Petrarch	1327–1374	BCS	missing	source: Petrarch's Sonnets and Songs, tr. various (Bohn 1859), Internet Archive	PD (Bohn 1859; Auslander 1931 is not)		
The Decameron	Giovanni Boccaccio	c. 1353	Logos Online	held	payne-decameron, florio-decameron	PD		
The Canterbury Tales	Geoffrey Chaucer	c. 1387–1400	BCS; CC; Canon; CiRCE; Logos; Logos Online; Memoria; NSA	held	chaucer-canterbury	PD		
The House of Fame	Geoffrey Chaucer	c. 1380	NSA	partial	not a separate item; in Skeat's Complete Works	PD	verify: chaucer shelf has Canterbury and Troilus only	
Chaucer (works)	Geoffrey Chaucer	14th c.	BCS	partial	chaucer-canterbury, chaucer-troilus	PD		
Le Morte d'Arthur	Thomas Malory	1485	CiRCE; Logos Online	held	malory-morte-darthur-caxton-1/2	PD		
Arthurian literature	various	12th–15th c.	NSA	partial	malory, bulfinch-age-of-chivalry, Chrétien (Comfort 1914) missing	PD	Chrétien's Arthurian Romances (Comfort 1914) is a gap	
The Travels of Marco Polo	Marco Polo	c. 1300	Logos Online	missing	source: Yule tr. (PG 10636, 12410) or Marsden (Everyman)	PD		
The Praise of Folly	Desiderius Erasmus	1511	BCS; Logos Online	missing	source: tr. John Wilson 1668 (PG 9371)	PD		
The Bondage of the Will	Martin Luther	1525	Canon; Logos Online	lane	Lane A queue: martin-luther (round 15)	PD (Cole 1823)	claimed by Relay Lane A	
Luther: Three Treatises and other writings	Martin Luther	1520	BCS; Canon; Logos Online	lane	Lane A queue: martin-luther	PD (Wace & Buchheim 1883)	claimed by Relay Lane A	
Institutes of the Christian Religion	John Calvin	1559	BCS; Canon; Logos Online; NSA	held	calvin-allen-institutes-1..3, calvin-institutes-beveridge	PD		
A Learned Treatise of the Plague	Theodore Beza	1580	Canon	missing	source: EEBO-TCP (1580 English)	PD	beza shelf exists (relay); add this title there via Lane A?	
Vindiciae contra Tyrannos	"""Junius Brutus"""	1579	Canon	missing	source: 1689 English tr. (EEBO-TCP) / Laski ed. 1924	PD		
Letter of Consolation	Pierre Viret	16th c.	Canon	notpd	modern English translation (Canon 2010s)	PD original; no PD English known	viret shelf holds other titles	
De Vera Theologia	Franciscus Junius	1594	NSA	notpd	no PD English (Thomas 2014 is modern)	Latin original only		
Heidelberg Catechism	Ursinus; Olevianus	1563	Logos Online	held	ursinus-commentary (Williard)	PD		
The Three Forms of Unity	de Brès; Ursinus; Synod of Dort	1561–1619	Canon	partial	synod-of-dort shelf; Heidelberg via ursinus; Belgic in Schaff's Creeds?	PD (Schaff 1877)	Schaff's Creeds of Christendom vol. 3 is the clean source	
A Reformed Catholic	William Perkins	1597	Canon	missing	source: EEBO-TCP or Works vol. 1 (1612)	PD	perkins shelf exists (relay lane A) — add as item?	
The Faerie Queene	Edmund Spenser	1590–1596	BCS; Canon; Logos Online	missing	source: PG 15272 (Books I–VII, ed. Child) 	PD		
Doctor Faustus	Christopher Marlowe	c. 1592	BCS	ingested	marlowe-doctor-faustus (PG 779)	PD		Batch 1
Shakespeare: plays and sonnets	William Shakespeare	1590–1613	BCS; CC; Canon; CiRCE; Logos; Logos Online; Memoria; NSA	held	shakespeare (PG 100, Complete Works)	PD	every play the lists name is in PG 100	
Essays	Michel de Montaigne	1580–1588	NSA	held	cotton-montaigne-essays, florio-montaigne-1..5	PD		
Jerusalem Delivered	Torquato Tasso	1581	NSA	held	fairfax-jerusalem (PG 392), hoole-jerusalem-1/2	PD		
Don Quixote	Miguel de Cervantes	1605–1615	Logos Online	held	cervantes-quixote, motteux-quixote	PD		
A King in Disguise (novella)	Matteo Bandello	16th c.	CC	short	short piece in CC anthology; source to locate	PD		
The Prince	Niccolò Machiavelli	1532	BCS; CiRCE; Logos Online; NSA	held	machiavelli-prince	PD		
Decline and Fall of the Roman Empire	Edward Gibbon	1776–1789	CiRCE; NSA	partial	gibbon-decline1 (vol. 1 only)	PD	vols 2–6 are a gap (PG 732–737…)	
Paradise Lost	John Milton	1667	BCS; CC; Canon; CiRCE; Logos Online; NSA	held	paradise_lost (PG 20)	PD		
The Temple and English poems	George Herbert	1633	BCS; Canon; Logos Online	held	herbert-english-works-1..3, herbert-country-parson	PD		
Poems	John Donne	1633	BCS; Canon	partial	donne-works-1..6 (sermons & prose); the poems are a gap	PD	Grierson's Poems of John Donne (1912) on IA	
The Poems of Anne Bradstreet	Anne Bradstreet	1650–1678	Canon	missing	source: Works, ed. Ellis 1867, Internet Archive	PD		
Thomas Traherne: prose and poetry	Thomas Traherne	17th c.	NSA	held	thomas-traherne shelf (relay)	PD		
Discourse on Method	René Descartes	1637	BCS	held	descartes-method, descartes-meditations	PD		
Leviathan	Thomas Hobbes	1651	BCS; Logos Online	held	hobbes-leviathan	PD		
Pensées	Blaise Pascal	1670	BCS; Logos Online	held	pascal-pensees	PD		
Francis Bacon (works)	Francis Bacon	1605–1620	BCS; CiRCE	held	bacon-advancement, bacon-novum	PD	Essays (PG 575) may be a gap	
Principia	Isaac Newton	1687	BCS; NSA	held	newton-principia (Motte)	PD		
Astronomical works: Ptolemy, Copernicus, Galileo	Ptolemy; Copernicus; Galileo	2nd–17th c.	BCS; CiRCE; NSA	partial	greek-mechanics-astronomy shelf; Galileo's Two New Sciences (Crew 1914, PG) missing	PD (Crew & de Salvio 1914)		
John Locke (works)	John Locke	1689–1690	BCS	held	locke-government, locke-understanding	PD		
Lex Rex	Samuel Rutherford	1644	Canon	held	rutherford-lex-rex-1843	PD		
The Rare Jewel of Christian Contentment	Jeremiah Burroughs	1648	Canon	held	burroughs-rare-jewel	PD		
The Reformed Pastor	Richard Baxter	1656	Canon	held	baxter-reformed-pastor (CCEL)	PD		
The Bruised Reed	Richard Sibbes	1630	Canon	held	sibbes-bruised-reed	PD		
The Fear of God	John Bunyan	1679	BCS; Canon	held	bunyan-fear-of-god; bunyan-offor-01..	PD		
The Pilgrim's Progress	John Bunyan	1678	CC; Canon; CiRCE; Logos; Logos Online	held	bunyan-pilgrim	PD		
Divine Providence	Stephen Charnock	17th c.	Logos Online	held	charnock shelf (relay); Canon's is a modern abridgement	PD original		
Foxe's Book of Martyrs	John Foxe	1563	Logos; Logos Online	held	foxe-acts-monuments-1..8 (Cattley 1837)	PD		
Tartuffe and other plays	Molière	1664–1669	Logos Online	held	moliere-plays	PD (Page/Wall tr.)		
Gradus ad Parnassum	Johann Joseph Fux	1725	NSA	notpd	only English is Mann 1943 (not PD)	Latin original PD; English not	Latin text on IA could be ingested	
Robinson Crusoe	Daniel Defoe	1719	BCS; CC; Canon; CiRCE; Logos; Logos Online; Memoria	ingested	defoe-robinson-crusoe (PG 521)	PD		Batch 1
Gulliver's Travels	Jonathan Swift	1726	CC; CiRCE; Logos Online	held	swift-gulliver (PG 829)	PD		
Essays to Do Good	Cotton Mather	1710	CC	held	cmather-essays-to-do-good-1808	PD		
The Method of Grace (sermon)	George Whitefield	c. 1740	CC	partial	whitefield journals held; sermons are a gap (Sermons on Important Subjects 1828, IA)	PD		
Edwards: End for Which God Created the World; Religious Affections	Jonathan Edwards	1746–1765	BCS; Canon	held	edwards shelf (affections, works1/2)	PD		
Voltaire (works)	Voltaire	18th c.	BCS	held	voltaire-candide	PD		
Goethe (works)	Goethe	18th–19th c.	BCS	held	faust (Taylor), anster-faust, bowring-goethe-poems	PD		
Rousseau: Discourses, Emile, Social Contract	Jean-Jacques Rousseau	1750–1762	BCS; CiRCE; Logos Online; NSA	partial	rousseau-contract held; Discourses (Cole 1913) and Emile (Foxley 1911, PG 5427) missing	PD		
Hume (works)	David Hume	18th c.	BCS	held	hume-enquiry	PD		
Kant (works)	Immanuel Kant	18th c.	BCS; CiRCE	held	kant-pure-reason, kant-practical	PD		
The Wealth of Nations	Adam Smith	1776	BCS; Logos Online	held	smith-wealth	PD		
Reflections on the Revolution in France	Edmund Burke	1790	Logos Online	missing	source: Burke's Works vol. 3 (PG 15679)	PD		
Common Sense	Thomas Paine	1776	BCS; Logos Online	missing	source: Common Sense (PG id to confirm); Rights of Man in Writings vol. 2 (PG 3742)	PD		
Autobiography	Benjamin Franklin	1771–1790	Logos Online	missing	source: PG 20203	PD		
Origin and Principles of the American Revolution	Friedrich von Gentz	1800	Logos Online	missing	source: J. Q. Adams tr. 1800, Internet Archive	PD		
Poems	Phillis Wheatley	1773	BCS	missing	source: PG 409	PD		
American founding documents and speeches	various	1620–1892	CC; Logos Online	partial	federalist held; the rest (Mayflower Compact, Declaration, Constitution, Articles, Northwest Ordinance, Washington, Patrick Henry, Clay, Calhoun, Garrison, Stanton, Taney, Lincoln, Winthrop, Columbus, Bellamy, Anti-Federalist, Bradford's Plymouth) are gaps	PD (government works and pre-1930 texts)	propose one 'american-documents' shelf; PG has most (e.g. Bradford PG 24950, Declaration PG 1, Constitution PG 5)	
Pride and Prejudice (and Austen's novels)	Jane Austen	1813	BCS; CC; Canon; CiRCE; Logos Online; Memoria	ingested	austen shelf: pride-and-prejudice, sense-and-sensibility, mansfield-park, northanger-abbey, persuasion (Emma already held)	PD	Pride and Prejudice PG 1342; Sense and Sensibility 161; Persuasion 105; Mansfield 141; Northanger 121	Batch 1
Jane Eyre	Charlotte Brontë	1847	BCS; CC; Canon; Memoria	ingested	bronte-jane-eyre (PG 1260)	PD		Batch 1
Wuthering Heights	Emily Brontë	1847	Canon; Memoria	ingested	bronte-wuthering-heights (PG 768)	PD		Batch 1
Dickens: A Tale of Two Cities, Great Expectations…	Charles Dickens	1843–1861	BCS; CC; Canon; CiRCE; Logos; Logos Online; Memoria	ingested	dickens shelf: tale-of-two-cities, great-expectations, oliver-twist, david-copperfield, bleak-house, hard-times	PD	Two Cities PG 98; Great Expectations 1400; Oliver Twist 730; David Copperfield 766	Batch 1
Frankenstein	Mary Shelley	1818	BCS; Canon; Logos Online; Memoria	ingested	mshelley-frankenstein (PG 84)	PD		Batch 1
Dracula	Bram Stoker	1897	Canon	ingested	stoker-dracula (PG 345)	PD		Batch 2
Far from the Madding Crowd	Thomas Hardy	1874	Canon	ingested	hardy-far-from-the-madding-crowd (PG 107)	PD		Batch 2
The Woman in White	Wilkie Collins	1859–1860	Canon	ingested	wilkie-collins-woman-in-white (PG 583)	PD		Batch 2
The Picture of Dorian Gray; The Selfish Giant	Oscar Wilde	1888–1890	CC; Canon; Logos Online	ingested	wilde-picture-of-dorian-gray (PG 174); The Selfish Giant is in wilde-happy-prince	PD	Dorian Gray PG 174	Batch 2
Stevenson: Jekyll and Hyde, Treasure Island, The Black Arrow	Robert Louis Stevenson	1883–1888	Canon; CiRCE; Logos; Logos Online; Memoria	held	stevenson shelf; treasure_island	PD		
Heart of Darkness	Joseph Conrad	1899	Canon; Logos Online	held	conrad-heart	PD		
Moby-Dick	Herman Melville	1851	Canon; Logos Online; Memoria	held	melville-mobydick	PD		
Billy Budd, Sailor	Herman Melville	1924	CC; CiRCE	missing	source: not on Gutenberg; Internet Archive (Weaver ed. 1924)	PD (US: 1924 publication)		
The Scarlet Letter	Nathaniel Hawthorne	1850	CC; Canon; CiRCE; Memoria	ingested	hawthorne-scarlet-letter (PG 33), shelf hawthorne-rl	PD		Batch 1
Tanglewood Tales	Nathaniel Hawthorne	1853	CC	held	hawthorne-tanglewood-tales	PD		
Poe: tales and poems	Edgar Allan Poe	1830s–1849	CC; Canon; CiRCE	ingested	poe-works-1..5 (Raven Edition, PG 2147-2151)	PD		Batch 1
The Red Badge of Courage	Stephen Crane	1895	CC; CiRCE; Logos Online	ingested	stephen-crane-red-badge (PG 73)	PD		Batch 1
Mark Twain: Tom Sawyer, Huck Finn, Connecticut Yankee, sketches	Mark Twain	1865–1889	BCS; CC; Canon; CiRCE; Logos; Logos Online; Memoria	ingested	mark-twain shelf + twain-rl: Connecticut Yankee, Sketches New and Old	PD	Connecticut Yankee PG 86; Sketches New and Old PG 3189	Batch 2
Alcott: Little Women, An Old-Fashioned Girl	Louisa May Alcott	1868–1870	CC; Logos Online; Memoria	held	alcott shelf	PD		
Narrative of the Life of Frederick Douglass	Frederick Douglass	1845	CC; Canon; CiRCE; Logos Online	ingested	douglass-narrative (PG 23)	PD		Batch 1
Up from Slavery	Booker T. Washington	1901	CC	missing	source: PG 2376	PD		
Self-Reliance and other essays	Ralph Waldo Emerson	1841	CC; Logos Online	ingested	rwemerson-essays-first, -second (PG 2944, 2945)	PD		Batch 1
Walden; Civil Disobedience	Henry David Thoreau	1849–1854	CC; Canon; Logos Online	ingested	thoreau-walden (PG 205)	PD		Batch 1
The Song of Hiawatha	Henry Wadsworth Longfellow	1855	CC; Memoria	held	longfellow-poetical-works (PG 1365)	PD		
Leaves of Grass	Walt Whitman	1855	Logos Online	missing	source: PG 1322	PD		
Uncle Tom's Cabin	Harriet Beecher Stowe	1852	Logos Online	missing	source: PG 203	PD		
Speeches and Writings	Abraham Lincoln	1859–1865	Logos Online	missing	source: Lincoln's speeches PG 2653–2659 (Writings vols)	PD		
Democracy in America	Alexis de Tocqueville	1835–1840	Logos Online	missing	source: Reeve tr. PG 815 / 816	PD (Reeve 1835)		
The Communist Manifesto	Marx & Engels	1848	BCS; Logos Online	held	marx-manifesto	PD		
Beyond Good and Evil	Friedrich Nietzsche	1886	BCS; Canon; Logos Online	missing	source: Zimmern tr. PG 4363	PD (Zimmern 1907)		
Notes from Underground	Fyodor Dostoevsky	1864	Logos Online	held	garnett-white-nights (PG 36034, includes Notes from Underground)	PD (Garnett 1918)		
Crime and Punishment; The Brothers Karamazov	Fyodor Dostoevsky	1866–1880	BCS; Canon	held	garnett-crime-and-punishment, garnett-karamazov	PD (Garnett)		
Anna Karenina; War and Peace	Leo Tolstoy	1869–1878	Canon; Memoria	held	garnett-anna-karenina, tolstoy-warpeace	PD		
Russian short stories (Tolstoy, Dostoevsky, Chekhov)	various	1880s	CC	partial	garnett-chekhov-* held; the specific Tolstoy and Dostoevsky stories unverified	PD	short pieces	
Bulfinch's Mythology	Thomas Bulfinch	1855–1863	Canon	held	bulfinch-age-of-fable, -chivalry, -charlemagne	PD		
Grimm's Fairy Tales	Brothers Grimm	1812–1857	Canon; CiRCE; Memoria	held	grimm-hunt-household-tales	PD (Hunt 1884)		
Andersen: tales	Hans Christian Andersen	1837–1850s	CC; CiRCE; Logos; Memoria	held	andersen shelf (Craigie, Paull, Lucas…)	PD		
Kipling: Jungle Books, Kim, The Man Who Would Be King, If	Rudyard Kipling	1888–1910	CC; Canon; CiRCE; Logos; Memoria	ingested	Lane D's kipling shelf + kipling-novels: Kim, The Man Who Would Be King, Stalky & Co.	PD	Kim PG 2226; The Man Who Would Be King PG 8147; Rewards and Fairies has 'If'	Batch 2
Sherlock Holmes stories; The Lost World	Arthur Conan Doyle	1887–1912	CC; Canon; CiRCE; Logos; Logos Online; Memoria	ingested	conan-doyle shelf: Study in Scarlet, Sign of the Four, Adventures, Memoirs, Hound, Return, Lost World	PD (pre-1927 stories)	1927 Case-Book stories are not US PD until 2023+ — all now PD in US	Batch 2
The Time Machine; The Invisible Man; The War of the Worlds	H. G. Wells	1895–1898	Canon; Logos	ingested	hgwells shelf (PG 35, 5230, 36)	PD		Batch 2
Twenty Thousand Leagues Under the Sea	Jules Verne	1870	Logos Online	ingested	verne-twenty-thousand-leagues (PG 164)	PD		Batch 2
Rip Van Winkle; The Legend of Sleepy Hollow	Washington Irving	1819–1820	Logos	held	irving-sketch-book (PG 2048)	PD		
The Scottish Chiefs	Jane Porter	1810	Logos	ingested	jane-porter-scottish-chiefs (PG 6086)	PD		Batch 2
The Scarlet Pimpernel	Baroness Orczy	1905	Logos	ingested	orczy-scarlet-pimpernel (PG 60)	PD		Batch 2
The Thirty-Nine Steps	John Buchan	1915	CiRCE; Logos	ingested	john-buchan-thirty-nine-steps (PG 558)	PD		Batch 2
Idylls of the King	Alfred Tennyson	1859–1885	Logos Online	ingested	tennyson-idylls-of-the-king (PG 610)	PD		Batch 2
G. A. Henty: historical novels	G. A. Henty	1882–1894	Canon; Logos; Logos Online	ingested	henty shelf: 8 novels	PD		Batch 2
Makers of History: Alexander the Great	Jacob Abbott	1848	Canon	missing	source: Project Gutenberg (id to confirm)	PD		
MacDonald: Princess books, Phantastes	George MacDonald	1858–1883	Canon; CiRCE; Logos; Logos Online; Memoria	held	macdonald shelf (CCEL)	PD		
E. Nesbit: Psammead books, Railway Children, Dragons, Treasure Seekers	E. Nesbit	1899–1906	Canon; CiRCE; Logos; Memoria	held	nesbit shelf	PD		
The Secret Garden; Little Lord Fauntleroy	Frances Hodgson Burnett	1886–1911	CC; Canon; CiRCE; Logos; Memoria	held	burnett shelf	PD		
The Call of the Wild; White Fang	Jack London	1903–1906	CC; Canon; CiRCE; Logos; Memoria	held	jlondon shelf	PD		
Alice's Adventures in Wonderland	Lewis Carroll	1865	CC; Canon; Logos; Memoria	held	carroll-alice-wonderland	PD		
Tales from Shakespeare	Charles and Mary Lamb	1807	CC; CiRCE; Logos; Memoria	held	lamb-tales-from-shakespeare	PD		
Black Beauty	Anna Sewell	1877	Logos; Memoria	held	sewell-black-beauty	PD		
Heidi	Johanna Spyri	1881	Logos; Memoria	held	spyri-heidi-edwardes	PD		
Hans Brinker	Mary Mapes Dodge	1865	Logos	held	dodge-hans-brinker	PD		
The Wind in the Willows	Kenneth Grahame	1908	CiRCE; Logos; Memoria	held	grahame-wind-in-the-willows	PD		
Anne of Green Gables	L. M. Montgomery	1908	Logos; Memoria	held	montgomery-anne-of-green-gables	PD		
The Merry Adventures of Robin Hood	Howard Pyle	1883	CiRCE; Logos; Logos Online	held	pyle-robin-hood	PD		
The Tale of Peter Rabbit	Beatrix Potter	1902	Canon; Logos; Memoria	held	potter shelf	PD (UK too: Potter d. 1943)		
Thornton Burgess animal books	Thornton W. Burgess	1915–1917	Logos	held	burgess shelf	US PD; UK in copyright until 2036		
Winnie-the-Pooh; When We Were Very Young	A. A. Milne	1924–1926	Logos; Memoria	held	milne shelf	US PD; UK PD from 2027		
The Velveteen Rabbit	Margery Williams	1922	Logos; Memoria	ingested	margery-williams-velveteen-rabbit (PG 11757)	PD		Batch 2
Understood Betsy	Dorothy Canfield Fisher	1917	Logos	ingested	dcfisher-understood-betsy (PG 5347)	US PD; UK in copyright until 2029		Batch 2
Father Brown stories	G. K. Chesterton	1910–1935	CC; CiRCE; Logos	partial	Innocence, Wisdom, Incredulity, Secret held; Scandal (1935) is not PD	1911–1927 books PD		
Orthodoxy; The Everlasting Man	G. K. Chesterton	1908–1925	Canon; Memoria	held	chesterton-orthodoxy, chesterton-everlasting	PD		
On the Origin of Species	Charles Darwin	1859	Canon; CiRCE	held	darwin-origin	PD		
The Interpretation of Dreams	Sigmund Freud	1899	Logos Online	missing	source: Brill tr. 1913 (PG 66048)	PD (Brill 1913)		
The Jungle	Upton Sinclair	1906	Logos Online	missing	source: PG 140	US PD; UK in copyright until 2039		
The Waste Land and early poems	T. S. Eliot	1915–1922	Logos Online	missing	source: PG 1321 (The Waste Land); Prufrock PG 1459	US PD (pre-1930 poems only); UK until 2036		
World War One poets (Brooke, Owen, Sassoon…)	various	1914–1918	Logos Online	missing	source: Brooke PG 262; Owen Poems 1920 (IA)	PD for pre-1930 publications		
The Souls of Black Folk	W. E. B. Du Bois	1903	BCS	missing	source: PG 408	US PD; UK until 2034		
The Great Gatsby	F. Scott Fitzgerald	1925	BCS; Logos Online; Memoria	missing	source: PG 64317	PD (US since 2021)		
The Curious Case of Benjamin Button	F. Scott Fitzgerald	1922	CC	missing	in Tales of the Jazz Age, PG 6695	PD		
A Passage to India	E. M. Forster	1924	CC	missing	source: Internet Archive (1924 ed.)	US PD since 2020; UK until 2041		
The Sun Also Rises	Ernest Hemingway	1926	Logos Online	missing	source: PG 67138	US PD since 2022; UK until 2032		
All Quiet on the Western Front	Erich Maria Remarque	1929	Logos Online; Memoria	notpd	Wheen tr. 1929 is US PD since 2025, but no PD digital copy confirmed	check Wheen 1929 on PG		
The American Language (excerpt)	H. L. Mencken	1919	CC	missing	source: Internet Archive (1919 1st ed.)	PD (1919 ed.)		
The War Message (1917)	Woodrow Wilson	1917	CC	short	government document	PD		
Memoirs	Charles G. Finney	1876	Logos Online	missing	finney shelf (relay) lacks the Memoirs: IA memoirsofrevchar00finn	PD	relay lane A's finney shelf — coordinate	
Life and Campaigns of Stonewall Jackson	R. L. Dabney	1866	Logos Online	missing	dabney shelf exists (relay); this title IA lifecampaignsoft00dabn	PD		
On Secular Education	R. L. Dabney	1876	Canon	held	dabney-discussions-4 (Secular)	PD	essay is in Discussions vol. 4	
Thoughts for Young Men	J. C. Ryle	1865	Canon	missing	ryle shelf (relay) — IA tract	PD		
Holiness	J. C. Ryle	1877	Canon	held	ryle-holiness (CCEL)	PD		
Lectures to My Students	C. H. Spurgeon	1875–1894	Canon	missing	spurgeon shelf (relay); CCEL lectures	PD	check spurgeon shelf first	
Calvinism: The Stone Lectures	Abraham Kuyper	1898	Canon	held	kuyper-calvinism-1899	PD		
Unbelief and Revolution	Guillaume Groen van Prinsterer	1847	Canon	notpd	only modern English (Van Dyke 1970s–2018)	Dutch original PD		
Messiah the Prince	William Symington	1839	Canon	lane	Lane A queue: william-symington	PD	claimed by Relay Lane A	
The Seven Laws of Teaching	John Milton Gregory	1886	Canon	missing	source: Internet Archive (1886/1917 eds.)	PD		
Christianity and Liberalism	J. Gresham Machen	1923	Canon; Logos Online	held	machen-christianity-liberalism-1923	US PD; UK PD (d. 1937)		
Humility	Andrew Murray	1895	CC	held	amurray-humility	PD		
Westminster Confession of Faith	Westminster Assembly	1646	Logos Online; NSA	held	westminster-assembly shelf (relay)	PD		
Short stories and poems in CC's anthologies (Butterworth, Finch, Scollard, O. Henry, Bierce, Daudet, Maupassant)	various	1873–1907	CC; CiRCE	short	short pieces; sources to locate per story	PD		
Short biographies in CC's Challenge B anthology	various	c. 1840–1920	CC	short	early 20th-c. school readers; sources to locate per piece	PD where pre-1930 (Keller, Hagedorn, Ford pieces need dates)		
Classical Conversations' own anthologies	Classical Conversations	2010s–2020s	CC	modern	compilations; their contents are listed above where known	not PD		
The Romantic poets	various	19th c.	BCS	partial	coleridge, southey shelves held; Wordsworth, Keats, Shelley, Byron are gaps	PD	Wordsworth PG 10219; Keats PG 23684; Shelley PG 4800; Byron PG 21700	
Pre-Socratics, Epicureans, Stoics, Neoplatonists	various	6th c. BC – 3rd c. AD	BCS	held	presocratics, epictetus, plotinus, diogenes-laertius shelves	PD		
Tertullian; Clement of Alexandria	Tertullian; Clement	2nd–3rd c.	BCS	held	Schaff ANF 2–4 (PR #11)	PD		
Augustine (works)	Augustine	4th–5th c.	BCS	held	Schaff NPNF1 1–8 (PR #11)	PD		
Peter Abelard (works)	Peter Abelard	12th c.	BCS	missing	source: Historia Calamitatum, Bellows tr. 1922 (PG 14268)	PD		
William of Ockham	William of Ockham	14th c.	BCS	notpd	no PD English translation known	Latin only		
Richard Hooker (works)	Richard Hooker	16th c.	BCS	held	hooker-works-1..3	PD		
William James (works)	William James	1890–1907	BCS	missing	source: Varieties PG 621; Pragmatism PG 5116	PD		
The Twelve Caesars	Suetonius	c. AD 121	BCS	held	suetonius shelf	PD		
Mein Kampf	Adolf Hitler	1925	Logos Online	notpd	excluded: English translations (1933, 1939) are not confirmed PD	not PD in English	listed only because Logos Online assigns it	
The Koran	Muhammad (trad.)	7th c.	Logos Online	held	rodwell-koran, sale-koran, palmer-quran	PD		
Stories of Great Americans for Little Americans	Edward Eggleston	1895	Memoria	missing	source: Project Gutenberg (id to confirm)	PD		
George Washington (from Stories of Great Americans)	Edward Eggleston	c. 1895	CC	missing	in Stories of Great Americans for Little Americans	PD		
Famous Men of Greece, Rome, and the Middle Ages	John H. Haaren & A. B. Poland	1904	Memoria	missing	source: Project Gutenberg (Famous Men of Rome, of Greece, of the Middle Ages)	PD	Memoria's revised editions are not PD; the 1904 originals are	
Lays of Ancient Rome (Horatius)	Thomas Babington Macaulay	1842	Memoria	missing	source: Project Gutenberg	PD		
The Story of the Thirteen Colonies; The Story of the Great Republic	H. A. Guerber	1898–1899	Memoria	missing	guerber shelf (lane D) holds the myth books, not these histories	PD		
The Book of the Ancient World / Greeks / Romans	Dorothy Mills	1923–1927	Memoria	missing	source: Internet Archive (1923, 1925, 1927 eds.)	US PD; UK in copyright until 2030		
The Aeneid for Boys and Girls	Alfred J. Church	1908	Memoria	missing	source: Project Gutenberg	PD	church shelf (lane D) holds the Iliad and Odyssey retellings	
The Talisman (and Scott's novels)	Walter Scott	1825	Memoria	ingested	walter-scott shelf: Ivanhoe, The Talisman	PD	no Walter Scott novel is held anywhere	Batch 2
Silas Marner	George Eliot	1861	Memoria	ingested	george-eliot-silas-marner (PG 550)	PD	Middlemarch is held (adler)	Batch 2
The Bridge of San Luis Rey	Thornton Wilder	1927	Memoria	missing	source: check Gutenberg (US PD since 2023)	US PD; UK in copyright until 2046		
Millions of Cats	Wanda Gág	1928	Memoria	missing	picture book; Internet Archive	US PD since 2024	illustrations are the work	
Stopping by Woods on a Snowy Evening (New Hampshire)	Robert Frost	1923	Memoria	missing	source: New Hampshire (1923), Project Gutenberg	US PD; UK in copyright until 2034		
Poems Every Child Should Know	Mary E. Burt (ed.)	1904	Memoria	missing	source: Project Gutenberg	PD		
Children's poems (Alexander, Field, Lear, Coleridge)	various	1802–1889	CiRCE; Memoria	partial	Coleridge held; Lear's Nonsense Songs, Field's Poems of Childhood are gaps	PD		
Perrault and English fairy tales	Perrault; Leprince de Beaumont; Jacobs	1697–1890	CiRCE; Memoria	held	lang fairy books, perrault shelf, jacobs-fairy shelf	PD		
The Reluctant Dragon	Kenneth Grahame	1898	Memoria	held	grahame-dream-days (PG 270)	PD		
Peter Pan (Peter and Wendy)	J. M. Barrie	1911	Memoria	held	barrie-peter-and-wendy (PG 16)	US PD; UK special Peter Pan royalty (GOSH)		
The Story of the Other Wise Man	Henry van Dyke	1895	Memoria	held	van-dyke-other-wise-man	PD		
The Story of Doctor Dolittle	Hugh Lofting	1920	Memoria	held	lofting-story-of-doctor-dolittle	PD (US and UK)		
The Blue Fairy Book	Andrew Lang (ed.)	1889	Memoria	held	lang-blue-fairy-book	PD		
Freckles	Gene Stratton-Porter	1904	CiRCE	held	stratton-porter-freckles	PD		
Letters	Pliny the Younger	c. AD 100	Memoria	held	pliny-younger-melmoth-letters, pliny-younger-firth-letters	PD		
De Ordine; De Quantitate Animae	Augustine	386–388	Memoria	partial	augustine-de-ordine-lat (Latin); no PD English of either found yet	Latin PD; English needs checking		
The Imitation of Christ	Thomas à Kempis	c. 1418	CiRCE	missing	source: CCEL (Benham tr.) / Project Gutenberg	PD	not held anywhere	
Philosophy of Right	G. W. F. Hegel	1820	CiRCE	missing	source: Dyde tr. 1896, Internet Archive	PD (Dyde 1896)		
My Ántonia	Willa Cather	1918	CiRCE	ingested	cather-my-antonia (PG 242)	PD		Batch 2
The White Company	Arthur Conan Doyle	1891	CiRCE	ingested	conan-doyle-white-company (PG 903)	PD		Batch 2
Penrod	Booth Tarkington	1914	CiRCE	ingested	tarkington-penrod (PG 402)	PD		Batch 2
Scaramouche	Rafael Sabatini	1921	CiRCE	ingested	sabatini-scaramouche (PG 1947)	US PD; UK PD (d. 1950)		Batch 2
Rolf and the Viking's Bow	Allen French	1904	CiRCE	ingested	allen-french-rolf (PG 43381)	PD		Batch 2
Lad: A Dog	Albert Payson Terhune	1919	CiRCE	ingested	terhune-lad-a-dog (PG 38777)	PD		Batch 2
Memoria Press anthologies (poetry, British Tradition I–III)	Memoria Press (ed.)	2010s	Memoria	modern	the anthologies are modern; their PD contents appear under their own authors	not PD		
Swallows and Amazons	Arthur Ransome	1930	CiRCE	lane	"the project's ""Swallows and Amazons"" thread owns Ransome"	US PD since 2026; UK until 2038		
The Lion, the Witch and the Wardrobe	C. S. Lewis	1950	CC; Memoria	modern		not PD		
Carry On, Mr. Bowditch	Jean Lee Latham	1955	CC; Logos	modern		not PD		
The Magician's Nephew	C. S. Lewis	1955	CC	modern		not PD		
Number the Stars	Lois Lowry	1989	CC	modern		not PD		
Amos Fortune, Free Man	Elizabeth Yates	1950	CC	modern		not PD		
The Door in the Wall	Marguerite de Angeli	1949	CC; Logos; Memoria	modern		not PD		
A Gathering of Days	Joan W. Blos	1979	CC	modern		not PD		
Crispin: The Cross of Lead	Avi	2002	CC	modern		not PD		
The Bronze Bow	Elizabeth George Speare	1961	CC; Logos; Memoria	modern		not PD		
The Pattern of God's Truth	Frank Gaebelein	1954	CC	modern		not PD		
The Phantom Tollbooth	Norton Juster	1961	CC	modern		not PD		
Little Britches: Father and I Were Ranchers	Ralph Moody	1950	CC; CiRCE	modern		not PD		
Where the Red Fern Grows	Wilson Rawls	1961	CC; CiRCE	modern		not PD		
The Hiding Place	Corrie ten Boom	1971	CC; Logos	modern		not PD		
The Soul of Science	Nancy Pearcey & Charles Thaxton	1994	CC	modern		not PD		
Defeating Darwinism by Opening Minds	Phillip E. Johnson	1997	CC	modern		not PD		
The Peacemaker	Ken Sande	1991	CC	modern		not PD		
The Sign of the Beaver	Elizabeth George Speare	1983	CC	modern		not PD		
The Witch of Blackbird Pond	Elizabeth George Speare	1958	CC	modern		not PD		
Johnny Tremain	Esther Forbes	1943	CC; Logos	modern		not PD		
Through Gates of Splendor	Elisabeth Elliot	1957	CC	modern		not PD		
Harvey	Mary Chase	1944	CC	modern		not PD		
The Best Christmas Pageant Ever	Barbara Robinson	1972	CC	modern		not PD		
To Kill a Mockingbird	Harper Lee	1960	CC; CiRCE; Memoria	modern		not PD		
Born Again	Charles W. Colson	1976	CC	modern		not PD		
The Old Man and the Sea	Ernest Hemingway	1952	CC; CiRCE; Logos Online	modern		not PD		
Starship Troopers	Robert A. Heinlein	1959	CC	modern		not PD		
Economics: A Bluestocking Guide	Jane A. Williams (with Richard J. Maybury)	2004	CC	modern		not PD		
Whatever Happened to Penny Candy?	Richard J. Maybury	1989	CC	modern		not PD		
The Money Mystery	Richard J. Maybury	2004	CC	modern		not PD		
Total Truth	Nancy Pearcey	2004	CC	modern		not PD		
The Case for Classical Christian Education	Douglas Wilson	2003	CC	modern		not PD		
The Hobbit	J. R. R. Tolkien	1937	CC; CiRCE; Logos; Memoria	modern		not PD		
Out of the Silent Planet	C. S. Lewis	1938	CC	modern		not PD		
The Screwtape Letters	C. S. Lewis	1942	CC; CiRCE; Memoria	modern		not PD		
Animal Farm	George Orwell	1945	CC; Logos; Logos Online; Memoria	modern		not PD		
Something Beautiful for God	Malcolm Muggeridge	1971	CC	modern		not PD		
How Should We Then Live?	Francis A. Schaeffer	1976	CC	modern		not PD		
State of the Arts	Gene Edward Veith	1991	CC	modern		not PD		
The Gift of Music	Jane Stuart Smith & Betty Carlson	1978	CC	modern		not PD		
Classical Music for Dummies	David Pogue & Scott Speck	1997	CC	modern		not PD		
Saving Leonardo	Nancy Pearcey	2010	CC	modern		not PD		
Amusing Ourselves to Death	Neil Postman	1985	CC	modern		not PD		
Brightest Heaven of Invention	Peter J. Leithart	1996	CC	modern		not PD		
The Roar on the Other Side	Suzanne U. Clark	2000	CC	modern		not PD		
A Patriot's History of the United States	Larry Schweikart & Michael Allen	2004	CC	modern		not PD		
Repairing the Ruins	Douglas Wilson (ed.)	1996	CC	modern		not PD		
Norms & Nobility	David V. Hicks	1981	CC; CiRCE	modern		not PD		
Beauty for Truth's Sake	Stratford Caldecott	2009	CC	modern		not PD		
Heroes of the City of Man	Peter J. Leithart	1999	CC	modern		not PD		
Mere Christianity	C. S. Lewis	1952	CC; Memoria	modern		not PD		
The Abolition of Man	C. S. Lewis	1943	CC; CiRCE	modern		not PD		
The Discoverers	Daniel J. Boorstin	1983	CC	modern		not PD		
Calculus for Everyone	not stated in listing	2020s	CC	modern		not PD		
Praying the Bible	Donald S. Whitney	2015	CC	modern		not PD		
Angels in the Architecture	Douglas Jones & Douglas Wilson	1998	CC	modern		not PD		
Listening for Heaven's Sake	Gary Sweeten et al.	1993	CC	modern		not PD		
The Paideia of God	Douglas Wilson	1999	CC	modern		not PD		
The Writing Road to Reading	Romalda Spalding	1957	CC	modern		not PD		
Our Mother Tongue	Nancy Wilson	2003	CC	modern		not PD		
When People Are Big and God Is Small	Edward T. Welch	1997	CC	modern		not PD		
The Marshall Plan	George C. Marshall	1947	CC	modern		not PD		
Brown v. Board of Education of Topeka	Earl Warren	1954	CC	modern		not PD		
The Consequences of Ideas	R. C. Sproul	2000	CC	modern		not PD		
Waiting for Godot	Samuel Beckett	1953	BCS	modern		not PD		
The Silmarillion	J. R. R. Tolkien	1977	BCS	modern		not PD		
Leaf by Niggle	J. R. R. Tolkien	1945	BCS	modern		not PD		
Till We Have Faces	C. S. Lewis	1956	BCS; Logos Online	modern		not PD		
The Four Loves	C. S. Lewis	1960	BCS	modern		not PD		
The Great Divorce	C. S. Lewis	1945	BCS; Logos Online	modern		not PD		
The Lord of the Rings	J. R. R. Tolkien	1954-1955	BCS; Logos; Memoria	modern		not PD		
The Inner Ring	C. S. Lewis	1944	BCS	modern		not PD		
Membership	C. S. Lewis	1945	BCS	modern		not PD		
[works unspecified - author named only]	James Joyce	20th c.	BCS	modern		not PD		
[works unspecified - author named only]	Ludwig Wittgenstein	20th c.	BCS	modern		not PD		
[works unspecified - author named only]	Richard Rorty	20th c.	BCS	modern		not PD		
[works unspecified - author named only]	Jacques Derrida	20th c.	BCS	modern		not PD		
[works unspecified - author named only]	Alvin Plantinga	20th c.	BCS	modern		not PD		
[works unspecified - author named only]	John Piper	20th-21st c.	BCS	modern		not PD		
[works unspecified - author named only]	C. S. Lewis	20th c.	BCS	modern		not PD		
One Day in the Life of Ivan Denisovich	Aleksandr Solzhenitsyn	1962	Canon; Logos Online	modern		not PD		
Modernized Geneva Bible: New Testament	Geneva translators	1560/1599	Canon	modern		not PD		
Morning Star of the Reformation	Andy Thomson	1988	Logos	modern		not PD		
The Chronicles of Narnia (7 vols.)	C.S. Lewis	1950-1956	Logos; Logos Online	modern		not PD		
Across Five Aprils	Irene Hunt	1964	Logos	modern		not PD		
Charlotte's Web	E.B. White	1952	Logos; Memoria	modern		not PD		
Little House books	Laura Ingalls Wilder	1932-1943	Logos	modern		not PD		
Adam of the Road	Elizabeth Janet Gray	1942	Logos; Memoria	modern		not PD		
Eagle of the Ninth	Rosemary Sutcliff	1954	Logos; Logos Online	modern		not PD		
Watership Down	Richard Adams	1972	Logos	modern		not PD		
Scottish Seas	Douglas Jones	1990s	Logos	modern		not PD		
Out of the Silent Planet / Perelandra / That Hideous Strength	C.S. Lewis	1938-1945	CiRCE; Logos Online	modern		not PD		
The Hobbit; The Lord of the Rings	J.R.R. Tolkien	1937-1955	Logos Online	modern		not PD		
The Nine Tailors	Dorothy L. Sayers	1934	Logos Online	modern		not PD		
Death of a Salesman	Arthur Miller	1949	Logos Online	modern		not PD		
The Killer Angels	Michael Shaara	1974	Logos Online	modern		not PD		
The Name of the Rose	Umberto Eco	1980	Logos Online	modern		not PD		
The Stranger	Albert Camus	1942	Logos Online	modern		not PD		
Brave New World	Aldous Huxley	1932	Logos Online	modern		not PD		
Death on the Nile	Agatha Christie	1937	Logos Online	modern		not PD		
Mythology	Edith Hamilton	1942	Logos Online	modern		not PD		
Little House in the Big Woods	Laura Ingalls Wilder	1932	CiRCE; Memoria	modern		not PD		
The Courage of Sarah Noble	Alice Dalgliesh	1954	Memoria	modern		not PD		
Prairie School	Lois Lenski	1951	Memoria	modern		not PD		
Farmer Boy	Laura Ingalls Wilder	1933	Memoria	modern		not PD		
The Moffats	Eleanor Estes	1941	Memoria	modern		not PD		
Mr. Popper's Penguins	Richard and Florence Atwater	1938	Memoria	modern		not PD		
A Bear Called Paddington	Michael Bond	1958	Memoria	modern		not PD		
Dangerous Journey: The Story of Pilgrim's Progress	Oliver Hunkin (adapting John Bunyan, 1678)	1985	Memoria	modern		not PD		
Homer Price	Robert McCloskey	1943	Memoria	modern		not PD		
Lassie Come-Home	Eric Knight	1940	Memoria	modern		not PD		
The Adventures of Robin Hood	(retelling; author not shown on page)		Memoria	modern		not PD		
King Arthur and His Knights of the Round Table	(retelling; author not shown on page)		Memoria	modern		not PD		
The Trojan War	Olivia Coolidge	1952	Memoria	modern		not PD		
Bard of Avon: The Story of William Shakespeare	Diane Stanley & Peter Vennema	1992	Memoria	modern		not PD		
Beowulf the Warrior	Ian Serraillier (after Beowulf)	1954	Memoria	modern		not PD		
The Book of the Middle Ages	Dorothy Mills	1935	Memoria	modern		not PD		
A Shorter Summa	Peter Kreeft (abridging Thomas Aquinas)	1993	Memoria	modern		not PD		
Mary Poppins	P. L. Travers	1934	Memoria	modern		not PD		
The Pearl	John Steinbeck	1947	Memoria	modern		not PD		
Goodbye, Mr. Chips	James Hilton	1934	Memoria	modern		not PD		
Fahrenheit 451	Ray Bradbury	1953	Memoria	modern		not PD		
D'Aulaires' Book of Greek Myths	Ingri & Edgar d'Aulaire	1962	Memoria	modern		not PD		
The Glass Menagerie	Tennessee Williams	1944	CiRCE	modern		not PD		
A Day No Pigs Would Die	Robert Newton Peck	1972	CiRCE	modern		not PD		
The 13 Clocks	James Thurber	1950	CiRCE	modern		not PD		
Choruses from 'The Rock'	T. S. Eliot	1934	CiRCE	modern		not PD		
The Black Fox of Lorne	Marguerite de Angeli	1956	CiRCE	modern		not PD		
Madeleine Takes Command	Ethel C. Brill	1946	CiRCE	modern		not PD		
The Marsh King	C. Walter Hodges	1967	CiRCE	modern		not PD		
Silver Chief, Dog of the North	Jack O'Brien	1933	CiRCE	modern		not PD		
Caddie Woodlawn	Carol Ryrie Brink	1935	CiRCE	modern		not PD		
The Black Stallion	Walter Farley	1941	CiRCE	modern		not PD		
Big Red	Jim Kjelgaard	1945	CiRCE	modern		not PD		
Gentle Ben	Walt Morey	1965	CiRCE	modern		not PD		
