title	author	orig_date	course_or_section	evidence_url	note
Iliad	Homer	c. 8th c. BC	"LITR 1610 Ancient Greek Literature (""Homer's epic poems"")"	https://bcsmn.edu/wp-content/uploads/2026/08/26-27-Master-Academic-Catalog.pdf	catalog says 'Homer's epic poems'; also read in History of Ideas 'Ancient Epics' course
Odyssey	Homer	c. 8th c. BC	"LITR 1610 Ancient Greek Literature (""Homer's epic poems"")"	https://bcsmn.edu/wp-content/uploads/2026/08/26-27-Master-Academic-Catalog.pdf	as above; named explicitly in Ancient Epics post
Aeneid	Virgil	c. 19 BC	LITR 1612 Greco-Roman Literature	https://bcsmn.edu/wp-content/uploads/2026/08/26-27-Master-Academic-Catalog.pdf	
Enuma Elish	anonymous (Babylonian)	c. 18th-12th c. BC	HIST 1610 Ancient Civilizations	https://bcsmn.edu/wp-content/uploads/2026/08/26-27-Master-Academic-Catalog.pdf	
Apocrypha	various	c. 3rd-1st c. BC	HIST 1612 The Greek and Roman Worlds	https://bcsmn.edu/wp-content/uploads/2026/08/26-27-Master-Academic-Catalog.pdf	
Beowulf	anonymous	c. 8th-11th c.	LITR 2613 Patristic and Medieval Writings	https://bcsmn.edu/wp-content/uploads/2026/08/26-27-Master-Academic-Catalog.pdf	also cited in faculty essay on literature
The Song of Roland	anonymous	c. 1100	LITR 2613 Patristic and Medieval Writings	https://bcsmn.edu/wp-content/uploads/2026/08/26-27-Master-Academic-Catalog.pdf	
Politics	Aristotle	4th c. BC	PHIL 2706 Aristotle and Hellenistic Philosophy	https://bcsmn.edu/wp-content/uploads/2026/08/26-27-Master-Academic-Catalog.pdf	
Nicomachean Ethics	Aristotle	4th c. BC	PHIL 2706 Aristotle and Hellenistic Philosophy	https://bcsmn.edu/wp-content/uploads/2026/08/26-27-Master-Academic-Catalog.pdf	
Confessions	Augustine	c. 397-400	PHIL 2707 The Life and Thought of Augustine	https://bcsmn.edu/wp-content/uploads/2026/08/26-27-Master-Academic-Catalog.pdf	
On Christian Teaching (De doctrina christiana)	Augustine	396-426	PHIL 2707 The Life and Thought of Augustine	https://bcsmn.edu/wp-content/uploads/2026/08/26-27-Master-Academic-Catalog.pdf	
The City of God	Augustine	413-426	PHIL 2707 The Life and Thought of Augustine	https://bcsmn.edu/wp-content/uploads/2026/08/26-27-Master-Academic-Catalog.pdf	also Preface/Bk IV/Bk XIV quoted by Zach Howard in https://bcsmn.edu/the-lust-for-mastery-will-master-us-unless/
Inferno (Divine Comedy)	Dante Alighieri	c. 1308-1320	ENGL 2601 Intro to Literature 2: Medieval and Renaissance (2012-13 catalog)	https://bcsmn.edu/wp-content/uploads/2019/05/2012-2013-BCS-AcademicCatalog-08-22-12.pdf	Purgatorio also taught per Rigney 2020 post https://bcsmn.edu/gbincovid/
Canzoniere (Rerum vulgarium fragmenta)	Francesco Petrarca	1327-1374	ENGL 2601 (2012-13 catalog)	https://bcsmn.edu/wp-content/uploads/2019/05/2012-2013-BCS-AcademicCatalog-08-22-12.pdf	
Sonnets	William Shakespeare	1609	ENGL 2601 (2012-13 catalog)	https://bcsmn.edu/wp-content/uploads/2019/05/2012-2013-BCS-AcademicCatalog-08-22-12.pdf	plus 'two of Shakespeare's plays, one tragedy and one comedy' (unnamed)
[poetry, unspecified]	John Donne	early 17th c.	ENGL 2601 (2012-13 catalog)	https://bcsmn.edu/wp-content/uploads/2019/05/2012-2013-BCS-AcademicCatalog-08-22-12.pdf	author named only
[poetry, unspecified - likely The Temple]	George Herbert	1633	ENGL 2601 (2012-13 catalog)	https://bcsmn.edu/wp-content/uploads/2019/05/2012-2013-BCS-AcademicCatalog-08-22-12.pdf	author named only
King James Bible	translators	1611	ENGL 2601 (2012-13 catalog)	https://bcsmn.edu/wp-content/uploads/2019/05/2012-2013-BCS-AcademicCatalog-08-22-12.pdf	studied for its contribution to English literature
Robinson Crusoe	Daniel Defoe	1719	ENGL 2602 Intro to Literature 3: The Modern Period (2012-13 catalog)	https://bcsmn.edu/wp-content/uploads/2019/05/2012-2013-BCS-AcademicCatalog-08-22-12.pdf	
Waiting for Godot	Samuel Beckett	1953	ENGL 2602 (2012-13 catalog)	https://bcsmn.edu/wp-content/uploads/2019/05/2012-2013-BCS-AcademicCatalog-08-22-12.pdf	modern
Discourse on Method	Rene Descartes	1637	PHIL 2701/2702 Intro to Philosophy 2-3 (2012-13 catalog)	https://bcsmn.edu/wp-content/uploads/2019/05/2012-2013-BCS-AcademicCatalog-08-22-12.pdf	
Dissertation Concerning the End for Which God Created the World	Jonathan Edwards	1765	Seminary THEO 5510 Introduction to the Thought of Jonathan Edwards	https://bcsmn.edu/wp-content/uploads/2019/04/Academic-Catalog-2018-2019-Final.pdf	also in 2012-13 catalog
A Treatise Concerning Religious Affections	Jonathan Edwards	1746	Seminary THEO 5520 God-Centered Spirituality (2012-13 catalog)	https://bcsmn.edu/wp-content/uploads/2019/05/2012-2013-BCS-AcademicCatalog-08-22-12.pdf	
Julius Caesar	William Shakespeare	1599	Great Books, Shakespeare (Joe Rigney, Spring 2020)	https://bcsmn.edu/gbincovid/	
Coriolanus	William Shakespeare	c. 1608	Great Books, Shakespeare (Joe Rigney, Spring 2020)	https://bcsmn.edu/gbincovid/	
Macbeth	William Shakespeare	c. 1606	Great Books, Shakespeare (Joe Rigney, Spring 2020)	https://bcsmn.edu/gbincovid/	
Much Ado About Nothing	William Shakespeare	c. 1598	Great Books, Shakespeare (Joe Rigney, Spring 2020)	https://bcsmn.edu/gbincovid/	
Othello	William Shakespeare	c. 1603	Great Books, Shakespeare (Joe Rigney, Spring 2020)	https://bcsmn.edu/gbincovid/	
The Winter's Tale	William Shakespeare	c. 1611	Great Books, Shakespeare (Joe Rigney, Spring 2020)	https://bcsmn.edu/gbincovid/	
The Brothers Karamazov	Fyodor Dostoevsky	1880	Great Books / literature (Joe Rigney, Spring 2020; again 2021)	https://bcsmn.edu/gbincovid/	translator not named; also in https://bcsmn.edu/literature/
Purgatorio (Divine Comedy)	Dante Alighieri	c. 1308-1320	Great Books (Joe Rigney, Spring 2020)	https://bcsmn.edu/gbincovid/	Inferno and Purgatorio read that semester
[doctrine of God - text unspecified, presumably Summa Theologiae]	Thomas Aquinas	13th c.	Theology course (Joe Rigney, Spring 2020)	https://bcsmn.edu/gbincovid/	title not named
The Silmarillion	J. R. R. Tolkien	1977	Great Books, Tolkien (Joe Rigney, Spring 2020)	https://bcsmn.edu/gbincovid/	modern
Leaf by Niggle	J. R. R. Tolkien	1945	Great Books, Tolkien (Joe Rigney, Spring 2020)	https://bcsmn.edu/gbincovid/	modern
Genesis 1-3	Bible		Theology of men and women (Joe Rigney, Spring 2020)	https://bcsmn.edu/gbincovid/	
Paradise Lost	John Milton	1667	Literature (faculty essay, Joe Rigney)	https://bcsmn.edu/literature/	
Doctor Faustus	Christopher Marlowe	c. 1592	Literature (faculty essay, Joe Rigney)	https://bcsmn.edu/literature/	essay says 'the blinding pride of Faustus'; Marlowe is a named key author of LITR 2620
Pride and Prejudice	Jane Austen	1813	Literature (faculty essay, Joe Rigney)	https://bcsmn.edu/literature/	inferred: essay quotes Elizabeth Bennet; Austen is a named key author of LITR 3610
The Coming of John (in The Souls of Black Folk)	W. E. B. Du Bois	1903	Literature (faculty essay, Joe Rigney)	https://bcsmn.edu/literature/	Du Bois's 'double consciousness and the Veil' also discussed in https://bcsmn.edu/gbincovid/
The Great Gatsby	F. Scott Fitzgerald	1925	Literature (faculty essay, Joe Rigney)	https://bcsmn.edu/literature/	inferred from 'Gatsby and Daisy'; Fitzgerald is a named key author of LITR 3612
Till We Have Faces	C. S. Lewis	1956	Literature: 'at Bethlehem we read' (Joe Rigney)	https://bcsmn.edu/literature/	modern
The Four Loves	C. S. Lewis	1960	Literature: 'at Bethlehem we read' (Joe Rigney)	https://bcsmn.edu/literature/	modern
The Great Divorce	C. S. Lewis	1945	Literature: 'at Bethlehem we read' (Joe Rigney)	https://bcsmn.edu/literature/	modern
The Faerie Queene	Edmund Spenser	1590-1596	Literature (faculty essay, Joe Rigney)	https://bcsmn.edu/literature/	Book I (St George and the dragon) referenced
Pericles, Prince of Tyre	William Shakespeare	c. 1608	Literature (faculty essay, Joe Rigney)	https://bcsmn.edu/literature/	
The Lord of the Rings	J. R. R. Tolkien	1954-1955	Literature (faculty essay, Joe Rigney)	https://bcsmn.edu/literature/	modern; inferred from 'the peace and tranquility of the Shire'; Tolkien taught per https://bcsmn.edu/gbincovid/
Epic of Gilgamesh	anonymous (Mesopotamian)	c. 2100-1200 BC	Ancient Epics, History of Ideas juniors/seniors (Zach Howard, Fall)	https://bcsmn.edu/the-lust-for-mastery-will-master-us-unless/	the four epics: Gilgamesh, Iliad, Odyssey, Aeneid
Love's Labour's Lost	William Shakespeare	c. 1594	Great Books course on Shakespeare's plays (Betsy Howard)	https://bcsmn.edu/wit/	
A Midsummer Night's Dream	William Shakespeare	c. 1595	Great Books course on Shakespeare's plays (Betsy Howard)	https://bcsmn.edu/wit/	seen at the Guthrie; course moved through 'courtship plays' and plays of mistaken identity
The Canterbury Tales	Geoffrey Chaucer	c. 1387-1400	College sophomore literature (Wife of Bath, Friar, Summoner, Clerk tales)	https://bcsmn.edu/chaucer/	
The Consolation of Philosophy (Book II; Book I optional)	Boethius	c. 524	'Taste & See' public sampler of a Bethlehem education (not a credit course)	https://bcsmn.edu/?p=22370	Boethius also a named key author of LITR 2613
The Story of the Bad Little Boy	Mark Twain	1865	'Taste & See' public sampler (not a credit course)	https://bcsmn.edu/?p=22370	
The Story of the Good Little Boy	Mark Twain	1870	'Taste & See' public sampler (not a credit course)	https://bcsmn.edu/?p=22370	
The Inner Ring	C. S. Lewis	1944	'Taste & See' public sampler (not a credit course)	https://bcsmn.edu/?p=22370	modern
Membership	C. S. Lewis	1945	'Taste & See' public sampler (not a credit course)	https://bcsmn.edu/?p=22370	modern
Republic	Plato	c. 375 BC	faculty essay 'An Ancient Remedy for Modern Folly' (course not stated)	https://bcsmn.edu/folly/	quoted at 378d-e; Plato is a named key author of PHIL 1707
Address to Young Men on the Right Use of Greek Literature	Basil of Caesarea	4th c.	faculty essay 'An Ancient Remedy for Modern Folly' (course not stated)	https://bcsmn.edu/folly/	not tied to a course
[works unspecified - author named only]	Hesiod	c. 700 BC	HIST 1610 Ancient Civilizations	https://bcsmn.edu/wp-content/uploads/2026/08/26-27-Master-Academic-Catalog.pdf	author named only
[works unspecified - author named only]	Herodotus	5th c. BC	HIST 1610 Ancient Civilizations	https://bcsmn.edu/wp-content/uploads/2026/08/26-27-Master-Academic-Catalog.pdf	author named only
[works unspecified - author named only]	Josephus	1st c.	HIST 1612 The Greek and Roman Worlds	https://bcsmn.edu/wp-content/uploads/2026/08/26-27-Master-Academic-Catalog.pdf	author named only
[works unspecified - author named only]	Suetonius	2nd c.	HIST 1612 The Greek and Roman Worlds	https://bcsmn.edu/wp-content/uploads/2026/08/26-27-Master-Academic-Catalog.pdf	author named only
[works unspecified - author named only]	Sophocles	5th c. BC	LITR 1610 Ancient Greek Literature	https://bcsmn.edu/wp-content/uploads/2026/08/26-27-Master-Academic-Catalog.pdf	author named only
[works unspecified - author named only]	Aeschylus	5th c. BC	LITR 1610 Ancient Greek Literature	https://bcsmn.edu/wp-content/uploads/2026/08/26-27-Master-Academic-Catalog.pdf	author named only
[works unspecified - author named only]	Euripides	5th c. BC	LITR 1610 Ancient Greek Literature	https://bcsmn.edu/wp-content/uploads/2026/08/26-27-Master-Academic-Catalog.pdf	author named only
[works unspecified - author named only]	Livy	c. 27 BC-AD 17	LITR 1612 Greco-Roman Literature	https://bcsmn.edu/wp-content/uploads/2026/08/26-27-Master-Academic-Catalog.pdf	author named only
[works unspecified - author named only]	Tacitus	c. AD 100	LITR 1612 Greco-Roman Literature	https://bcsmn.edu/wp-content/uploads/2026/08/26-27-Master-Academic-Catalog.pdf	author named only
[works unspecified - author named only]	Plutarch	c. AD 100	LITR 1612 Greco-Roman Literature	https://bcsmn.edu/wp-content/uploads/2026/08/26-27-Master-Academic-Catalog.pdf	author named only
[works unspecified - author named only]	Apostolic Fathers	1st-2nd c.	LITR 2613 Patristic and Medieval Writings	https://bcsmn.edu/wp-content/uploads/2026/08/26-27-Master-Academic-Catalog.pdf	author named only
[works unspecified - author named only]	Athanasius	4th c.	LITR 2613 Patristic and Medieval Writings	https://bcsmn.edu/wp-content/uploads/2026/08/26-27-Master-Academic-Catalog.pdf	author named only
[works unspecified - author named only]	Boethius	c. 524	LITR 2613 Patristic and Medieval Writings	https://bcsmn.edu/wp-content/uploads/2026/08/26-27-Master-Academic-Catalog.pdf	author named only
[works unspecified - author named only]	Dante Alighieri	14th c.	LITR 2620 Renaissance and Reformed Literature	https://bcsmn.edu/wp-content/uploads/2026/08/26-27-Master-Academic-Catalog.pdf	author named only
[works unspecified - author named only]	Petrarch	14th c.	LITR 2620 Renaissance and Reformed Literature	https://bcsmn.edu/wp-content/uploads/2026/08/26-27-Master-Academic-Catalog.pdf	author named only
[works unspecified - author named only]	Geoffrey Chaucer	14th c.	LITR 2620 Renaissance and Reformed Literature	https://bcsmn.edu/wp-content/uploads/2026/08/26-27-Master-Academic-Catalog.pdf	author named only
[works unspecified - author named only]	Edmund Spenser	16th c.	LITR 2620 Renaissance and Reformed Literature	https://bcsmn.edu/wp-content/uploads/2026/08/26-27-Master-Academic-Catalog.pdf	author named only
[works unspecified - author named only]	William Shakespeare	16th-17th c.	LITR 2620 Renaissance and Reformed Literature	https://bcsmn.edu/wp-content/uploads/2026/08/26-27-Master-Academic-Catalog.pdf	author named only
[works unspecified - author named only]	Christopher Marlowe	16th c.	LITR 2620 Renaissance and Reformed Literature	https://bcsmn.edu/wp-content/uploads/2026/08/26-27-Master-Academic-Catalog.pdf	author named only
[works unspecified - author named only]	John Bunyan	17th c.	LITR 3610 Early Modern Literature	https://bcsmn.edu/wp-content/uploads/2026/08/26-27-Master-Academic-Catalog.pdf	author named only
[works unspecified - author named only]	John Milton	17th c.	LITR 3610 Early Modern Literature	https://bcsmn.edu/wp-content/uploads/2026/08/26-27-Master-Academic-Catalog.pdf	author named only
[works unspecified - author named only]	Voltaire	18th c.	LITR 3610 Early Modern Literature	https://bcsmn.edu/wp-content/uploads/2026/08/26-27-Master-Academic-Catalog.pdf	author named only
[works unspecified - author named only]	Johann Wolfgang von Goethe	18th-19th c.	LITR 3610 Early Modern Literature	https://bcsmn.edu/wp-content/uploads/2026/08/26-27-Master-Academic-Catalog.pdf	author named only
[works unspecified - author named only]	Jane Austen	19th c.	LITR 3610 Early Modern Literature	https://bcsmn.edu/wp-content/uploads/2026/08/26-27-Master-Academic-Catalog.pdf	author named only
[works unspecified - author named only]	Shelley (Mary or Percy, not specified)	19th c.	LITR 3610 Early Modern Literature	https://bcsmn.edu/wp-content/uploads/2026/08/26-27-Master-Academic-Catalog.pdf	author named only
[works unspecified - author named only]	Phillis Wheatley	18th c.	LITR 3610 Early Modern Literature	https://bcsmn.edu/wp-content/uploads/2026/08/26-27-Master-Academic-Catalog.pdf	author named only
[works unspecified - author named only]	the Romantic poets	19th c.	LITR 3610 Early Modern Literature	https://bcsmn.edu/wp-content/uploads/2026/08/26-27-Master-Academic-Catalog.pdf	author named only
[works unspecified - author named only]	Fyodor Dostoevsky	19th c.	LITR 3612 Modern Literature	https://bcsmn.edu/wp-content/uploads/2026/08/26-27-Master-Academic-Catalog.pdf	author named only
[works unspecified - author named only]	Charles Dickens	19th c.	LITR 3612 Modern Literature	https://bcsmn.edu/wp-content/uploads/2026/08/26-27-Master-Academic-Catalog.pdf	author named only
[works unspecified - author named only]	Bronte (which sister not specified)	19th c.	LITR 3612 Modern Literature	https://bcsmn.edu/wp-content/uploads/2026/08/26-27-Master-Academic-Catalog.pdf	author named only
[works unspecified - author named only]	F. Scott Fitzgerald	20th c.	LITR 3612 Modern Literature	https://bcsmn.edu/wp-content/uploads/2026/08/26-27-Master-Academic-Catalog.pdf	author named only; modern
[works unspecified - author named only]	James Joyce	20th c.	LITR 3612 Modern Literature	https://bcsmn.edu/wp-content/uploads/2026/08/26-27-Master-Academic-Catalog.pdf	author named only; modern
[works unspecified - author named only]	pre-Socratic philosophers	6th-5th c. BC	PHIL 1707 Greek & Roman Philosophy	https://bcsmn.edu/wp-content/uploads/2026/08/26-27-Master-Academic-Catalog.pdf	author named only
[works unspecified - author named only]	Plato	4th c. BC	PHIL 1707 Greek & Roman Philosophy	https://bcsmn.edu/wp-content/uploads/2026/08/26-27-Master-Academic-Catalog.pdf	author named only
[works unspecified - author named only]	Aristotle	4th c. BC	PHIL 1707 Greek & Roman Philosophy	https://bcsmn.edu/wp-content/uploads/2026/08/26-27-Master-Academic-Catalog.pdf	author named only
[works unspecified - author named only]	Epicureans	3rd c. BC on	PHIL 1707 Greek & Roman Philosophy	https://bcsmn.edu/wp-content/uploads/2026/08/26-27-Master-Academic-Catalog.pdf	author named only
[works unspecified - author named only]	Stoics	3rd c. BC on	PHIL 1707 Greek & Roman Philosophy	https://bcsmn.edu/wp-content/uploads/2026/08/26-27-Master-Academic-Catalog.pdf	author named only
[works unspecified - author named only]	Neoplatonists	3rd c. on	PHIL 1707 Greek & Roman Philosophy	https://bcsmn.edu/wp-content/uploads/2026/08/26-27-Master-Academic-Catalog.pdf	author named only
[works unspecified - author named only]	Seneca	1st c.	PHIL 2706 Aristotle and Hellenistic Philosophy	https://bcsmn.edu/wp-content/uploads/2026/08/26-27-Master-Academic-Catalog.pdf	author named only
[works unspecified - author named only]	Cicero	1st c. BC	PHIL 2706 Aristotle and Hellenistic Philosophy	https://bcsmn.edu/wp-content/uploads/2026/08/26-27-Master-Academic-Catalog.pdf	author named only
[works unspecified - author named only]	Marcus Aurelius	2nd c.	PHIL 2706 Aristotle and Hellenistic Philosophy	https://bcsmn.edu/wp-content/uploads/2026/08/26-27-Master-Academic-Catalog.pdf	author named only
[works unspecified - author named only]	Anselm	11th c.	PHIL 2720 Renaissance and Reformed Theology and Philosophy	https://bcsmn.edu/wp-content/uploads/2026/08/26-27-Master-Academic-Catalog.pdf	author named only
[works unspecified - author named only]	Thomas Aquinas	13th c.	PHIL 2720 Renaissance and Reformed Theology and Philosophy	https://bcsmn.edu/wp-content/uploads/2026/08/26-27-Master-Academic-Catalog.pdf	author named only
[works unspecified - author named only]	William of Ockham	14th c.	PHIL 2720 Renaissance and Reformed Theology and Philosophy	https://bcsmn.edu/wp-content/uploads/2026/08/26-27-Master-Academic-Catalog.pdf	author named only
[works unspecified - author named only]	Martin Luther	16th c.	PHIL 2720 Renaissance and Reformed Theology and Philosophy	https://bcsmn.edu/wp-content/uploads/2026/08/26-27-Master-Academic-Catalog.pdf	author named only
[works unspecified - author named only]	John Calvin	16th c.	PHIL 2720 Renaissance and Reformed Theology and Philosophy	https://bcsmn.edu/wp-content/uploads/2026/08/26-27-Master-Academic-Catalog.pdf	author named only
[works unspecified - author named only]	Richard Hooker	16th c.	PHIL 2720 Renaissance and Reformed Theology and Philosophy	https://bcsmn.edu/wp-content/uploads/2026/08/26-27-Master-Academic-Catalog.pdf	author named only
[works unspecified - author named only]	Niccolo Machiavelli	16th c.	PHIL 3707 Early Modern Philosophy	https://bcsmn.edu/wp-content/uploads/2026/08/26-27-Master-Academic-Catalog.pdf	author named only
[works unspecified - author named only]	Rene Descartes	17th c.	PHIL 3707 Early Modern Philosophy	https://bcsmn.edu/wp-content/uploads/2026/08/26-27-Master-Academic-Catalog.pdf	author named only
[works unspecified - author named only]	Thomas Hobbes	17th c.	PHIL 3707 Early Modern Philosophy	https://bcsmn.edu/wp-content/uploads/2026/08/26-27-Master-Academic-Catalog.pdf	author named only
[works unspecified - author named only]	John Locke	17th c.	PHIL 3707 Early Modern Philosophy	https://bcsmn.edu/wp-content/uploads/2026/08/26-27-Master-Academic-Catalog.pdf	author named only
[works unspecified - author named only]	Jean-Jacques Rousseau	18th c.	PHIL 3707 Early Modern Philosophy	https://bcsmn.edu/wp-content/uploads/2026/08/26-27-Master-Academic-Catalog.pdf	author named only
[works unspecified - author named only]	David Hume	18th c.	PHIL 3707 Early Modern Philosophy	https://bcsmn.edu/wp-content/uploads/2026/08/26-27-Master-Academic-Catalog.pdf	author named only
[works unspecified - author named only]	Immanuel Kant	18th c.	PHIL 3715 Modern and Contemporary Philosophy	https://bcsmn.edu/wp-content/uploads/2026/08/26-27-Master-Academic-Catalog.pdf	author named only
[works unspecified - author named only]	Friedrich Nietzsche	19th c.	PHIL 3715 Modern and Contemporary Philosophy	https://bcsmn.edu/wp-content/uploads/2026/08/26-27-Master-Academic-Catalog.pdf	author named only
[works unspecified - author named only]	William James	19th-20th c.	PHIL 3715 Modern and Contemporary Philosophy	https://bcsmn.edu/wp-content/uploads/2026/08/26-27-Master-Academic-Catalog.pdf	author named only
[works unspecified - author named only]	Ludwig Wittgenstein	20th c.	PHIL 3715 Modern and Contemporary Philosophy	https://bcsmn.edu/wp-content/uploads/2026/08/26-27-Master-Academic-Catalog.pdf	author named only; modern
[works unspecified - author named only]	Richard Rorty	20th c.	PHIL 3715 Modern and Contemporary Philosophy	https://bcsmn.edu/wp-content/uploads/2026/08/26-27-Master-Academic-Catalog.pdf	author named only; modern
[works unspecified - author named only]	Jacques Derrida	20th c.	PHIL 3715 Modern and Contemporary Philosophy	https://bcsmn.edu/wp-content/uploads/2026/08/26-27-Master-Academic-Catalog.pdf	author named only; modern
[works unspecified - author named only]	Alvin Plantinga	20th c.	PHIL 3715 Modern and Contemporary Philosophy	https://bcsmn.edu/wp-content/uploads/2026/08/26-27-Master-Academic-Catalog.pdf	author named only; modern
[works unspecified - author named only]	John Piper	20th-21st c.	Seminary THEO 5507 Foundations of Christian Hedonism	https://bcsmn.edu/wp-content/uploads/2026/08/26-27-Master-Academic-Catalog.pdf	author named only; modern
[works unspecified - author named only]	Jonathan Edwards	18th c.	Seminary THEO 5507 Foundations of Christian Hedonism	https://bcsmn.edu/wp-content/uploads/2026/08/26-27-Master-Academic-Catalog.pdf	author named only
[works unspecified - author named only]	C. S. Lewis	20th c.	Seminary THEO 5507 Foundations of Christian Hedonism	https://bcsmn.edu/wp-content/uploads/2026/08/26-27-Master-Academic-Catalog.pdf	author named only; modern
[works unspecified - author named only]	Tertullian	2nd-3rd c.	PHIL 1702 (2012-13)	https://bcsmn.edu/wp-content/uploads/2019/05/2012-2013-BCS-AcademicCatalog-08-22-12.pdf	author named only
[works unspecified - author named only]	Clement of Alexandria	2nd-3rd c.	PHIL 1702 (2012-13)	https://bcsmn.edu/wp-content/uploads/2019/05/2012-2013-BCS-AcademicCatalog-08-22-12.pdf	author named only
[works unspecified - author named only]	Augustine	4th-5th c.	PHIL 2701 (2012-13)	https://bcsmn.edu/wp-content/uploads/2019/05/2012-2013-BCS-AcademicCatalog-08-22-12.pdf	author named only
[works unspecified - author named only]	Peter Abelard	12th c.	PHIL 2701 (2012-13)	https://bcsmn.edu/wp-content/uploads/2019/05/2012-2013-BCS-AcademicCatalog-08-22-12.pdf	author named only
[works unspecified - author named only]	Blaise Pascal	17th c.	PHIL 2701 (2012-13)	https://bcsmn.edu/wp-content/uploads/2019/05/2012-2013-BCS-AcademicCatalog-08-22-12.pdf	author named only
[works unspecified - author named only]	Francis Bacon	17th c.	PHIL 2702 (2012-13)	https://bcsmn.edu/wp-content/uploads/2019/05/2012-2013-BCS-AcademicCatalog-08-22-12.pdf	author named only
[works unspecified - author named only]	Galileo Galilei	17th c.	PHIL 2702 (2012-13)	https://bcsmn.edu/wp-content/uploads/2019/05/2012-2013-BCS-AcademicCatalog-08-22-12.pdf	author named only
[works unspecified - author named only]	Isaac Newton	17th c.	PHIL 2702 (2012-13)	https://bcsmn.edu/wp-content/uploads/2019/05/2012-2013-BCS-AcademicCatalog-08-22-12.pdf	author named only
[works unspecified - author named only]	Thomas Paine	18th c.	PHIL 2702 (2012-13)	https://bcsmn.edu/wp-content/uploads/2019/05/2012-2013-BCS-AcademicCatalog-08-22-12.pdf	author named only
[works unspecified - author named only]	Adam Smith	18th c.	PHIL 2702 (2012-13)	https://bcsmn.edu/wp-content/uploads/2019/05/2012-2013-BCS-AcademicCatalog-08-22-12.pdf	author named only
[works unspecified - author named only]	Karl Marx	19th c.	PHIL 2702 (2012-13)	https://bcsmn.edu/wp-content/uploads/2019/05/2012-2013-BCS-AcademicCatalog-08-22-12.pdf	author named only
[works unspecified - author named only]	Desiderius Erasmus	16th c.	HIST 2601 History of European Civilization (2012-13)	https://bcsmn.edu/wp-content/uploads/2019/05/2012-2013-BCS-AcademicCatalog-08-22-12.pdf	author named only
