title	author	orig_date	list	evidence_url	note
A Christmas Carol	Charles Dickens	1843	canon-press	https://canonpress.com/products/a-christmas-carol	Canon Classics
A Tale of Two Cities	Charles Dickens	1859	canon-press	https://canonpress.com/products/a-tale-of-two-cities	Canon Classics
Adventures of Huckleberry Finn	Mark Twain	1884	canon-press	https://canonpress.com/products/adventures-of-huckleberry-finn-worldview-edition	Canon Classics Worldview Edition
Alice's Adventures in Wonderland	Lewis Carroll	1865	canon-press	https://canonpress.com/products/alice-in-wonderland-worldview-edition	Canon Classics Worldview Edition
Anna Karenina	Leo Tolstoy	1878	canon-press	https://canonpress.com/products/anna-karenina-worldview-edition	Canon Classics; tr. Constance Garnett
Beyond Good and Evil	Friedrich Nietzsche	1886	canon-press	https://canonpress.com/products/beyond-good-and-evil-1	Canon Classics Worldview Edition; tr. Helen Zimmern
Bulfinch's Mythology	Thomas Bulfinch	1855-1863	canon-press	https://canonpress.com/products/bulfinchs-mythology	Canon Classics Worldview Edition
The Call of the Wild	Jack London	1903	canon-press	https://canonpress.com/products/call-of-the-wild	Canon Classics
Crime and Punishment	Fyodor Dostoevsky	1866	canon-press	https://canonpress.com/products/crime-and-punishment	Canon Classics; tr. Constance Garnett
Strange Case of Dr Jekyll and Mr Hyde	Robert Louis Stevenson	1886	canon-press	https://canonpress.com/products/dr-jekyll-and-mr-hyde-worldview-edition	Canon Classics Worldview Edition
Dracula	Bram Stoker	1897	canon-press	https://canonpress.com/products/dracula	Canon Classics Worldview Edition
Edgar Allan Poe's Best Loved Tales and Poems	Edgar Allan Poe	1830s-1849	canon-press	https://canonpress.com/products/edgar-allan-poes-best-loved-tales-and-poems	Canon Classics (selection)
Far from the Madding Crowd	Thomas Hardy	1874	canon-press	https://canonpress.com/products/far-from-the-madding-crowd	Canon Classics Worldview Edition
Frankenstein	Mary Shelley	1818	canon-press	https://canonpress.com/products/frankenstein	Canon Classics Worldview Edition
Great Expectations	Charles Dickens	1861	canon-press	https://canonpress.com/products/great-expectations-worldview-edition	Canon Classics Worldview Edition
Hamlet	William Shakespeare	c.1600	canon-press	https://canonpress.com/products/hamlet	Canon Classics Worldview Edition
Heart of Darkness	Joseph Conrad	1899	canon-press	https://canonpress.com/products/heart-of-darkness-worldview-edition	Canon Classics Worldview Edition
Jane Eyre	Charlotte Bronte	1847	canon-press	https://canonpress.com/products/jane-eyre-worldview-edition	Canon Classics Worldview Edition
Macbeth	William Shakespeare	c.1606	canon-press	https://canonpress.com/products/macbeth	Canon Classics Worldview Edition
Meditations	Marcus Aurelius	c.170-180 AD	canon-press	https://canonpress.com/products/meditations-worldview-edition	Canon Classics Worldview Edition; tr. George Long
Moby-Dick	Herman Melville	1851	canon-press	https://canonpress.com/products/moby-dick	Canon Classics Worldview Edition
Much Ado About Nothing	William Shakespeare	c.1598	canon-press	https://canonpress.com/products/much-ado-about-nothing-1	Canon Classics Worldview Edition
Narrative of the Life of Frederick Douglass	Frederick Douglass	1845	canon-press	https://canonpress.com/products/narrative-of-the-life-of-frederick-douglass	Canon Classics Worldview Edition
On the Origin of Species	Charles Darwin	1859	canon-press	https://canonpress.com/products/on-the-origin-of-species-worldview-edition	Canon Classics Worldview Edition
Othello	William Shakespeare	c.1603	canon-press	https://canonpress.com/products/othello	Canon Classics Worldview Edition
Paradise Lost	John Milton	1667	canon-press	https://canonpress.com/products/paradise-lost-worldview-edition	Canon Classics Worldview Edition
Inferno (Divine Comedy I)	Dante Alighieri	c.1308-1314	canon-press	https://canonpress.com/products/the-inferno-worldview-edition	Canon Classics Worldview Edition; tr. C.E. Wheeler
Purgatorio (Divine Comedy II)	Dante Alighieri	c.1308-1315	canon-press	https://canonpress.com/products/purgatorio	Canon Classics; tr. C.E. Wheeler
Paradiso (Divine Comedy III)	Dante Alighieri	c.1316-1320	canon-press	https://canonpress.com/products/paradiso	Canon Classics; tr. C.E. Wheeler
The Pilgrim's Progress	John Bunyan	1678	canon-press	https://canonpress.com/products/pilgrims-progress-worldview-edition	Canon Classics Worldview Edition
Republic	Plato	c.375 BC	canon-press	https://canonpress.com/products/platos-republic-worldview-edition	Canon Classics Worldview Edition; tr. Benjamin Jowett
Pride and Prejudice	Jane Austen	1813	canon-press	https://canonpress.com/products/pride-and-prejudice	Canon Classics
Robinson Crusoe	Daniel Defoe	1719	canon-press	https://canonpress.com/products/robinson-crusoe	Canon Classics (no Worldview Guide)
Sherlock Holmes's Greatest Cases	Arthur Conan Doyle	1887-1927	canon-press	https://canonpress.com/products/sherlock-holmess-greatest-cases	Canon Classics Worldview Edition (selection)
The Adventures of Tom Sawyer	Mark Twain	1876	canon-press	https://canonpress.com/products/the-adventures-of-tom-sawyer-worldview-edition	Canon Classics Worldview Edition
Aeneid	Virgil	c.29-19 BC	canon-press	https://canonpress.com/products/the-aeneid-worldview-edition	Canon Classics Worldview Edition; tr. Christopher Pearse Cranch
The Canterbury Tales	Geoffrey Chaucer	c.1387-1400	canon-press	https://canonpress.com/products/the-canterbury-tales-worldview-edition	Canon Classics Worldview Edition
Grimms' Fairy Tales (Complete Best-Loved Fairy Tales of the Brothers Grimm)	Jacob and Wilhelm Grimm	1812-1857	canon-press	https://canonpress.com/products/brothers-grimms-complete-best-loved-fairy-tales	Canon Classics; tr. Margaret Hunt
The Complete Mowgli Stories (from The Jungle Book)	Rudyard Kipling	1894-1895	canon-press	https://canonpress.com/products/the-complete-mowgli-stories	Canon Classics
The Consolation of Philosophy	Boethius	c.524 AD	canon-press	https://canonpress.com/products/the-consolation-of-philosophy-worldview-edition	Canon Classics Worldview Edition; tr. H.F. Stewart
Iliad	Homer	c.8th c. BC	canon-press	https://canonpress.com/products/the-iliad-worldview-edition-1	Canon Classics Worldview Edition; tr. William Cullen Bryant
The Invisible Man	H.G. Wells	1897	canon-press	https://canonpress.com/products/the-invisible-man	Canon Classics
Odyssey	Homer	c.8th c. BC	canon-press	https://canonpress.com/products/the-odyssey-worldview-edition	Canon Classics Worldview Edition; tr. William Cullen Bryant
The Picture of Dorian Gray	Oscar Wilde	1890	canon-press	https://canonpress.com/products/the-picture-of-dorian-gray-worldview-edition	Canon Classics Worldview Edition
The Scarlet Letter	Nathaniel Hawthorne	1850	canon-press	https://canonpress.com/products/the-scarlet-letter	Canon Classics Worldview Edition
The Secret Garden	Frances Hodgson Burnett	1911	canon-press	https://canonpress.com/products/the-secret-garden	Canon Classics Worldview Edition
The Woman in White	Wilkie Collins	1859-1860	canon-press	https://canonpress.com/products/woman-in-white	Canon Classics
Treasure Island	Robert Louis Stevenson	1883	canon-press	https://canonpress.com/products/treasure-island-worldview-edition	Canon Classics Worldview Edition
Walden; and Civil Disobedience	Henry David Thoreau	1854; 1849	canon-press	https://canonpress.com/products/walden-and-civil-disobedience-worldview-edition	Canon Classics Worldview Edition
War and Peace	Leo Tolstoy	1869	canon-press	https://canonpress.com/products/war-and-peace-2-volume-set-worldview-edition	Canon Classics Worldview Edition; tr. Louise and Aylmer Maude
White Fang	Jack London	1906	canon-press	https://canonpress.com/products/white-fang	Canon Classics
Wuthering Heights	Emily Bronte	1847	canon-press	https://canonpress.com/products/wuthering-heights-worldview-edition	Canon Classics Worldview Edition
One Day in the Life of Ivan Denisovich	Aleksandr Solzhenitsyn	1962	canon-press	https://canonpress.com/products/worldview-guide-for-one-day-in-the-life-of-ivan-denisovich	modern; Worldview Guide only (no Canon edition)
The Bondage of the Will	Martin Luther	1525	canon-press	https://canonpress.com/products/the-bondage-of-the-will	Christian Heritage Series; tr. Henry Cole
The Temple	George Herbert	1633	canon-press	https://canonpress.com/products/thetemple	Christian Heritage Series
The Rare Jewel of Christian Contentment	Jeremiah Burroughs	1648	canon-press	https://canonpress.com/products/the-jewel-of-contentment	Christian Heritage Series
Religious Affections	Jonathan Edwards	1746	canon-press	https://canonpress.com/products/religious-affections	Christian Heritage Series
Thoughts for Young Men	J.C. Ryle	1865	canon-press	https://canonpress.com/products/thoughtsforyoungmen	Christian Heritage Series
Orthodoxy	G.K. Chesterton	1908	canon-press	https://canonpress.com/products/orthodoxy	Christian Heritage Series
A Learned Treatise of the Plague	Theodore Beza	1580	canon-press	https://canonpress.com/products/a-learned-treatise-of-the-plague	Christian Heritage Series; tr. Edward Percivall
Vindiciae contra Tyrannos	Junius Brutus (pseud.)	1579	canon-press	https://canonpress.com/products/vindiciae-contra-tyrannos-a-defense-of-liberty-against-tyrants	Christian Heritage Series
Lex Rex	Samuel Rutherford	1644	canon-press	https://canonpress.com/products/lex-rex	Christian Heritage Series
Institutes of the Christian Religion	John Calvin	1559	canon-press	https://canonpress.com/products/institutes-of-the-christian-religion	Christian Heritage Series; tr. Henry Beveridge; also sold as Books I-IV separately
Lectures to My Students	Charles Spurgeon	1875-1894	canon-press	https://canonpress.com/products/lectures-to-my-students	Christian Heritage Series
Christianity and Liberalism	J. Gresham Machen	1923	canon-press	https://canonpress.com/products/christianity-and-liberalism	Christian Heritage Series
Three Treatises (To the Christian Nobility; Babylonian Captivity of the Church; On the Freedom of a Christian)	Martin Luther	1520	canon-press	https://canonpress.com/products/three-treatises	Christian Heritage Series
Poems of John Donne	John Donne	1633 (posthumous)	canon-press	https://canonpress.com/products/poems-of-john-donne	Christian Heritage Series
The Everlasting Man	G.K. Chesterton	1925	canon-press	https://canonpress.com/products/everlasting-man	Christian Heritage Series
A Reformed Catholic	William Perkins	1597	canon-press	https://canonpress.com/products/a-reformed-catholic	Christian Heritage Series
The Three Forms of Unity (Belgic Confession; Heidelberg Catechism; Canons of Dort)	Guido de Bres; Ursinus/Olevianus; Synod of Dort	1561; 1563; 1619	canon-press	https://canonpress.com/products/the-three-forms-of-unity	Christian Heritage Series (Nick Needham ed.)
Holiness	J.C. Ryle	1877/1879	canon-press	https://canonpress.com/products/holiness	Christian Heritage Series
The Poems of Anne Bradstreet	Anne Bradstreet	1650-1678	canon-press	https://canonpress.com/products/the-poems-of-anne-bradstreet	Christian Heritage Series
The Fear of God	John Bunyan	1679	canon-press	https://canonpress.com/products/the-fear-of-god	Christian Heritage Series
Calvinism: The Stone Lectures	Abraham Kuyper	1898	canon-press	https://canonpress.com/products/calvinism-the-stone-lectures	Christian Heritage Series
Christian Political Action in an Age of Revolution	Guillaume Groen van Prinsterer	19th c.	canon-press	https://canonpress.com/products/christian-political-action-in-an-age-of-revolution	Christian Heritage Series; tr. Colin Wright
Letter of Consolation	Pierre Viret	16th c.	canon-press	https://canonpress.com/products/letter-of-consolation	Christian Heritage Series; tr. Christian Fantoni
The Reformed Pastor	Richard Baxter	1656	canon-press	https://canonpress.com/products/the-reformed-pastor	Christian Heritage Series
The Bruised Reed	Richard Sibbes	1630	canon-press	https://canonpress.com/products/the-bruised-reed	
Messiah the Prince	William Symington	1839	canon-press	https://canonpress.com/products/messiah-the-prince	
On Secular Education	R.L. Dabney	1876	canon-press	https://canonpress.com/products/on-secular-education	
The Seven Laws of Teaching	John Milton Gregory	1886	canon-press	https://canonpress.com/products/the-seven-laws-of-teaching-new-foreword-and-evaluation-tools	
Modernized Geneva Bible: New Testament	Geneva translators	1560/1599	canon-press	https://canonpress.com/products/modernized-geneva-bible-new-testament-box-set	modernized text of the 1599 Geneva Bible
The Princess and the Goblin	George MacDonald	1872	canon-press	https://canonpress.com/products/the-princess-and-the-goblin	
The Princess and Curdie	George MacDonald	1883	canon-press	https://canonpress.com/products/the-princess-and-curdie	
Five Children and It	E. Nesbit	1902	canon-press	https://canonpress.com/products/five-children-and-it	
The Book of Dragons	E. Nesbit	1900	canon-press	https://canonpress.com/products/the-book-of-dragons	
The Phoenix and the Carpet	E. Nesbit	1904	canon-press	https://canonpress.com/products/the-phoenix-and-the-carpet	
The Railway Children	E. Nesbit	1906	canon-press	https://canonpress.com/products/the-railway-children	
The Story of the Amulet	E. Nesbit	1906	canon-press	https://canonpress.com/products/the-story-of-the-amulet	
The Story of the Treasure Seekers	E. Nesbit	1899	canon-press	https://canonpress.com/products/the-story-of-the-treasure-seekers	
Rikki-Tikki-Tavi	Rudyard Kipling	1894	canon-press	https://canonpress.com/products/rikki-tikki-tavi	
The Cat of Bubastes	G.A. Henty	1889	canon-press	https://canonpress.com/products/the-cat-of-bubastes-a-tale-of-ancient-egypt	Logos Library
The Dragon and the Raven	G.A. Henty	1886	canon-press	https://canonpress.com/products/the-dragon-and-the-raven-the-days-of-king-alfred	Logos Library
Winning His Spurs	G.A. Henty	1882	canon-press	https://canonpress.com/products/winning-his-spurs-a-tale-of-the-crusades	Logos Library
Makers of History: Alexander the Great	Jacob Abbott	1848	canon-press	https://canonpress.com/products/alexander-the-great	Makers of History series
Makers of History: Alfred the Great	Jacob Abbott	1849	canon-press	https://canonpress.com/products/alfred-the-great	Makers of History series
Makers of History: Cleopatra	Jacob Abbott	1851	canon-press	https://canonpress.com/products/cleopatra	Makers of History series
Makers of History: Cyrus the Great	Jacob Abbott	1850	canon-press	https://canonpress.com/products/cyrus	Makers of History series
Makers of History: Queen Elizabeth	Jacob Abbott	1849	canon-press	https://canonpress.com/products/elizabeth-i	Makers of History series
Makers of History: Hannibal	Jacob Abbott	1849	canon-press	https://canonpress.com/products/hannibal	Makers of History series
Makers of History: Julius Caesar	Jacob Abbott	1849	canon-press	https://canonpress.com/products/julius-caesar	Makers of History series
Makers of History: Nero	Jacob Abbott	1853	canon-press	https://canonpress.com/products/nero	Makers of History series
Makers of History: William the Conqueror	Jacob Abbott	1849	canon-press	https://canonpress.com/products/william-the-conqueror	Makers of History series
Makers of History: Xerxes	Jacob Abbott	1850	canon-press	https://canonpress.com/products/xerxes	Makers of History series
The Faerie Queene, Book I (Fierce Wars and Faithful Loves)	Edmund Spenser	1590	canon-press	https://canonpress.com/products/fierce-wars-and-faithful-loves	Roy Maynard edition/adaptation
The Faerie Queene, Book III (Warrior Princess)	Edmund Spenser	1590	canon-press	https://canonpress.com/products/the-warrior-princess	Roy Maynard edition/adaptation
Beatrix Potter tales in Latin (Peter Rabbit etc.)	Beatrix Potter	1902-1905	canon-press	https://canonpress.com/products/beatrix-potter-in-latin-set-of-three	modern Latin tr. Sarah Hill (2016)
Institutes of the Christian Religion	John Calvin	1559	nsa	https://nsa.edu/api/media/file/AYE2027%20Undergraduate%20Catalog-1.pdf	Lordship Colloquium THE101-104 core text; also https://nsa.edu/academics/graduate/ccs/courses-schedule; grad THE576
Westminster Confession of Faith	Westminster Assembly	1646	nsa	https://nsa.edu/api/media/file/AYE2027%20Undergraduate%20Catalog-1.pdf	Lordship Colloquium core reading
On the Incarnation	Athanasius	c.318-335 AD	nsa	https://nsa.edu/api/media/file/AYE2027%20Undergraduate%20Catalog-1.pdf	Lordship Colloquium core reading
Confessions	Augustine	c.397-400 AD	nsa	https://nsa.edu/api/media/file/AYE2027%20Undergraduate%20Catalog-1.pdf	Lordship Colloquium core reading (THE101)
City of God	Augustine	c.413-426 AD	nsa	https://nsa.edu/api/media/file/AYE2027%20Undergraduate%20Catalog-1.pdf	Lordship Colloquium THE101-104; also grad CCS THE556; also https://nsa.edu/academics/graduate/ccs/courses-schedule; grad CCS THE556 Augustine's City of God
De Doctrina Christiana	Augustine	c.397-426 AD	nsa	https://nsa.edu/api/media/file/AYE2027%20Undergraduate%20Catalog-1.pdf	Principia Theologiae THE401
[texts on rhetorical theory]	Aristotle; Cicero; Quintilian; Erasmus	4th c. BC-16th c.	nsa	https://nsa.edu/api/media/file/AYE2027%20Undergraduate%20Catalog-1.pdf	Classical Rhetoric Colloquium; authors named, works unspecified
Histories	Herodotus	c.430 BC	nsa	https://nsa.edu/api/media/file/AYE2027%20Undergraduate%20Catalog-1.pdf	History Colloquium HIS201; also https://nsa.edu/academics/graduate/ccs/courses-schedule; grad HIS580 Herodotus and Thucydides
History of the Peloponnesian War	Thucydides	c.400 BC	nsa	https://nsa.edu/api/media/file/AYE2027%20Undergraduate%20Catalog-1.pdf	History Colloquium HIS202; also https://nsa.edu/academics/graduate/ccs/courses-schedule; grad HIS581, HIS580
Elements	Euclid	c.300 BC	nsa	https://nsa.edu/api/media/file/AYE2027%20Undergraduate%20Catalog-1.pdf	Mathematics Colloquium MATH202 (all 13 books surveyed)
[dialogues]	Plato	4th c. BC	nsa	https://nsa.edu/api/media/file/AYE2027%20Undergraduate%20Catalog-1.pdf	Philosophy PHIL311 close reading of dialogues; Politics POL201 major work of Plato/Xenophon/Aristotle
[ethics/metaphysics]	Aristotle	4th c. BC	nsa	https://nsa.edu/api/media/file/AYE2027%20Undergraduate%20Catalog-1.pdf	PHIL312; author named, works unspecified
[philosophical works]	Thomas Aquinas; Duns Scotus; William of Ockham; Descartes	13th-17th c.	nsa	https://nsa.edu/api/media/file/AYE2027%20Undergraduate%20Catalog-1.pdf	PHIL313; authors named; PHIL314; authors named
Iliad	Homer	c.8th c. BC	nsa	https://nsa.edu/api/media/file/AYE2027%20Undergraduate%20Catalog-1.pdf	Literature LIT311
Aeneid	Virgil	c.29-19 BC	nsa	https://nsa.edu/api/media/file/AYE2027%20Undergraduate%20Catalog-1.pdf	Literature LIT311; also Latin electives LAT302/355/356/382
Paradise Lost	John Milton	1667	nsa	https://nsa.edu/api/media/file/AYE2027%20Undergraduate%20Catalog-1.pdf	Literature LIT312
[Christian epic selections: Divine Comedy; Faerie Queene]	Dante; Edmund Spenser	14th c.; 1590	nsa	https://nsa.edu/api/media/file/AYE2027%20Undergraduate%20Catalog-1.pdf	LIT312 supporting study (given as e.g.)
[plays]	William Shakespeare	c.1590-1613	nsa	https://nsa.edu/api/media/file/AYE2027%20Undergraduate%20Catalog-1.pdf	LIT313 Tragedy and Comedy
[tragedies and comedies]	Aeschylus; Sophocles; Euripides; Aristophanes	5th c. BC	nsa	https://nsa.edu/api/media/file/AYE2027%20Undergraduate%20Catalog-1.pdf	LIT313 works or selections
The Canterbury Tales (several tales)	Geoffrey Chaucer	c.1387-1400	nsa	https://nsa.edu/api/media/file/AYE2027%20Undergraduate%20Catalog-1.pdf	Elective LIT416; also grad LIT556
The House of Fame	Geoffrey Chaucer	c.1379-1380	nsa	https://nsa.edu/api/media/file/AYE2027%20Undergraduate%20Catalog-1.pdf	Elective LIT416
Discourse on the Arts and Sciences	Jean-Jacques Rousseau	1750	nsa	https://nsa.edu/api/media/file/AYE2027%20Undergraduate%20Catalog-1.pdf	Elective LIT436
Discourse on Inequality	Jean-Jacques Rousseau	1755	nsa	https://nsa.edu/api/media/file/AYE2027%20Undergraduate%20Catalog-1.pdf	Elective LIT436
The Social Contract	Jean-Jacques Rousseau	1762	nsa	https://nsa.edu/api/media/file/AYE2027%20Undergraduate%20Catalog-1.pdf	Elective LIT436
Sir Gawain and the Green Knight	Anonymous (Gawain poet)	late 14th c.	nsa	https://nsa.edu/api/media/file/AYE2027%20Undergraduate%20Catalog-1.pdf	Elective ENG354
Essays	Michel de Montaigne	1580-1588	nsa	https://nsa.edu/api/media/file/AYE2027%20Undergraduate%20Catalog-1.pdf	Electives LIT446, LIT447
Jerusalem Delivered	Torquato Tasso	1581	nsa	https://nsa.edu/api/media/file/AYE2027%20Undergraduate%20Catalog-1.pdf	Elective LIT419
De Mortibus Persecutorum	Lactantius	c.315 AD	nsa	https://nsa.edu/api/media/file/AYE2027%20Undergraduate%20Catalog-1.pdf	Christian Latin LAT460 (in Latin)
Metamorphoses	Ovid	8 AD	nsa	https://nsa.edu/api/media/file/AYE2027%20Undergraduate%20Catalog-1.pdf	Latin electives LAT364/424/425
Georgics	Virgil	c.29 BC	nsa	https://nsa.edu/api/media/file/AYE2027%20Undergraduate%20Catalog-1.pdf	Latin elective LAT426
Beowulf	Anonymous	c.700-1000	nsa	https://nsa.edu/api/media/file/AYE2027%20Undergraduate%20Catalog-1.pdf	Old English ENG358 (in OE)
Exeter Book elegies and riddles	Anonymous	10th c. MS	nsa	https://nsa.edu/api/media/file/AYE2027%20Undergraduate%20Catalog-1.pdf	Old English ENG355
Old English prose (Alfred; Aelfric)	King Alfred; Aelfric	9th-10th c.	nsa	https://nsa.edu/api/media/file/AYE2027%20Undergraduate%20Catalog-1.pdf	Old English ENG356
Junius 11 (Old Testament poems)	Anonymous	c.1000 MS	nsa	https://nsa.edu/api/media/file/AYE2027%20Undergraduate%20Catalog-1.pdf	Old English ENG357
Philosophiae Naturalis Principia Mathematica	Isaac Newton	1687	nsa	https://nsa.edu/api/media/file/AYE2027%20Undergraduate%20Catalog-1.pdf	Physics SCI302
[astronomical/physical works]	Ptolemy; Copernicus; Galileo; Kepler; Bacon	2nd-17th c.	nsa	https://nsa.edu/api/media/file/AYE2027%20Undergraduate%20Catalog-1.pdf	Physics SCI301; authors named
Gradus ad Parnassum	Johann Joseph Fux	1725	nsa	https://nsa.edu/api/media/file/AYE2027%20Undergraduate%20Catalog-1.pdf	Music colloquium (species counterpoint)
Book of Jonah (Hebrew)	Bible	c.8th-5th c. BC	nsa	https://nsa.edu/api/media/file/AYE2027%20Undergraduate%20Catalog-1.pdf	HEB304
Genesis (Joseph story, Septuagint)	Bible (LXX)	3rd c. BC	nsa	https://nsa.edu/api/media/file/AYE2027%20Undergraduate%20Catalog-1.pdf	GRE303-304
[prose and poetry]	Thomas Traherne	17th c.	nsa	https://nsa.edu/api/media/file/AYE2027%20Undergraduate%20Catalog-1.pdf	Elective THE275; selection
[History of the Decline and Fall of the Roman Empire]	Edward Gibbon	1776-1789	nsa	https://nsa.edu/academics/graduate/ccs/courses-schedule	"grad HIS587 ""Gibbon's Rome""; work inferred from course title"
Consolation of Philosophy	Boethius	c.524 AD	nsa	https://nsa.edu/academics/graduate/ccs/courses-schedule	"grad PHIL561 ""Boethius and the Rise of Christian Thought""; work inferred"
Republic	Plato	c.375 BC	nsa	https://nsa.edu/academics/graduate/ccs/courses-schedule	grad PHIL580
Education of Cyrus (Cyropaedia)	Xenophon	c.370 BC	nsa	https://nsa.edu/academics/graduate/ccs/courses-schedule	grad HIS576
[Greek tragedies; Shakespeare]	Aeschylus; Sophocles; Euripides; Shakespeare	5th c. BC; c.1600	nsa	https://nsa.edu/academics/graduate/ccs/courses-schedule	grad LIT526 Greek Tragedy and Shakespeare
Emile, or On Education	Jean-Jacques Rousseau	1762	nsa	https://nsa.edu/academics/graduate/ccs/courses-schedule	grad EDU530
The Mind's Road to God (Itinerarium mentis in Deum)	Bonaventure	1259	nsa	https://nsa.edu/academics/graduate/ccs/courses-schedule	grad THE567
[Divine Comedy; Paradise Lost]	Dante; John Milton	14th c.; 1667	nsa	https://nsa.edu/academics/graduate/ccs/courses-schedule	grad LIT562 Dante and Milton; works inferred
Iliad; Odyssey	Homer	c.8th c. BC	nsa	https://nsa.edu/academics/graduate/ccs/courses-schedule	grad LIT520 The Epics of Homer
[Roman plays]	William Shakespeare	c.1599-1608	nsa	https://nsa.edu/academics/graduate/ccs/courses-schedule	grad LIT523/LIT578 Shakespeare's Rome; specific plays not listed
De Vera Theologia	Franciscus Junius	1594	nsa	https://nsa.edu/academics/graduate/ccs/courses-schedule	grad THE525
[Discourses on Livy / The Prince]	Niccolo Machiavelli	1513-1517	nsa	https://nsa.edu/academics/graduate/ccs/courses-schedule	grad HIS586 Machiavelli's Rome; work inferred
Politics	Aristotle	4th c. BC	nsa	https://nsa.edu/academics/graduate/ccs/courses-schedule	grad PHIL682 Aristotle's Politics and the Middle Ages
[works]	Anselm of Canterbury	11th c.	nsa	https://nsa.edu/academics/graduate/ccs/courses-schedule	grad PHIL520
[Arthurian literature]	various	12th-15th c.	nsa	https://nsa.edu/academics/graduate/ccs/courses-schedule	grad LIT558 Arthurian Literature; works not listed
[Old English literature]	various	8th-11th c.	nsa	https://nsa.edu/academics/graduate/ccs/courses-schedule	grad LIT568 Scripture and Tradition in Old English Literature
The Tale of Peter Rabbit	Beatrix Potter	1902	logos-school	https://canonpress.com/products/2nd-grade-reading-guide-downloads	grade 2; also on elementary list
The Emperor's New Clothes	Hans Christian Andersen	1837	logos-school	https://canonpress.com/products/2nd-grade-reading-guide-downloads	grade 2 (picture-book retelling)
The Velveteen Rabbit	Margery Williams	1922	logos-school	https://canonpress.com/products/2nd-grade-reading-guide-downloads	grade 2
The Ugly Duckling	Hans Christian Andersen	1843	logos-school	https://logosschool.com/wp-content/uploads/2025/07/Elementary-Literature-List.pdf	grade 2 core (Moore retelling)
The Adventures of Chatterer the Red Squirrel	Thornton W. Burgess	1915	logos-school	https://logosschool.com/wp-content/uploads/2025/07/Elementary-Literature-List.pdf	grade 2 core
The Adventures of Paddy the Beaver	Thornton W. Burgess	1917	logos-school	https://logosschool.com/wp-content/uploads/2025/07/Elementary-Literature-List.pdf	grade 2 core
The Adventures of Danny Meadow Mouse	Thornton W. Burgess	1915	logos-school	https://logosschool.com/wp-content/uploads/2025/07/Elementary-Literature-List.pdf	grade 2 auxiliary
Black Beauty	Anna Sewell	1877	logos-school	https://logosschool.com/wp-content/uploads/2025/07/Elementary-Literature-List.pdf	grade 2 challenge
When We Were Very Young	A.A. Milne	1924	logos-school	https://logosschool.com/wp-content/uploads/2025/07/Elementary-Literature-List.pdf	grade 2 challenge
Winnie-the-Pooh	A.A. Milne	1926	logos-school	https://logosschool.com/wp-content/uploads/2025/07/Elementary-Literature-List.pdf	grade 3 core
The Princess and Curdie	George MacDonald	1883	logos-school	https://logosschool.com/wp-content/uploads/2025/07/Elementary-Literature-List.pdf	grade 3 challenge
Understood Betsy	Dorothy Canfield Fisher	1917	logos-school	https://logosschool.com/wp-content/uploads/2025/07/Elementary-Literature-List.pdf	grade 3 challenge
The Railway Children	E. Nesbit	1906	logos-school	https://logosschool.com/wp-content/uploads/2025/07/Elementary-Literature-List.pdf	grade 4 core
Heidi	Johanna Spyri	1881	logos-school	https://canonpress.com/products/5th-grade-reading-guide-downloads	grade 4 challenge on list; Logos 5th-grade reading guide
Hans Brinker, or The Silver Skates	Mary Mapes Dodge	1865	logos-school	https://logosschool.com/wp-content/uploads/2025/07/Elementary-Literature-List.pdf	grade 4 challenge
The Wind in the Willows	Kenneth Grahame	1908	logos-school	https://canonpress.com/products/4th-grade-reading-guide-downloads	4th-grade reading guide; grade 5 auxiliary on list
The Adventures of Tom Sawyer	Mark Twain	1876	logos-school	https://canonpress.com/products/5th-grade-reading-guide-downloads	grade 5 core
The Canterbury Tales (retold by Geraldine McCaughrean)	Geoffrey Chaucer	c.1387-1400	logos-school	https://canonpress.com/products/5th-grade-reading-guide-downloads	grade 5; modern retelling
The Princess and the Goblin	George MacDonald	1872	logos-school	https://canonpress.com/products/5th-grade-reading-guide-downloads	grade 5 auxiliary
The Jungle Books (Mowgli stories)	Rudyard Kipling	1894-1895	logos-school	https://canonpress.com/products/6th-grade-reading-guide-downloads	grade 5 auxiliary on list; 6th-grade reading guide
The Secret Garden	Frances Hodgson Burnett	1911	logos-school	https://canonpress.com/products/5th-grade-reading-guide-downloads	grade 5 auxiliary
Humorous Stories and Sketches	Mark Twain	19th c.	logos-school	https://logosschool.com/wp-content/uploads/2025/07/Elementary-Literature-List.pdf	grade 5 challenge
Beowulf	Anonymous	c.700-1000	logos-school	https://logosschool.com/wp-content/uploads/2025/07/Elementary-Literature-List.pdf	grade 5 challenge
Anne of Green Gables	L.M. Montgomery	1908	logos-school	https://logosschool.com/wp-content/uploads/2025/07/Elementary-Literature-List.pdf	grade 5 challenge
Five Children and It	E. Nesbit	1902	logos-school	https://logosschool.com/wp-content/uploads/2025/07/Elementary-Literature-List.pdf	grade 5 challenge; Logos Press reading guide exists
Little Lord Fauntleroy	Frances Hodgson Burnett	1886	logos-school	https://logosschool.com/wp-content/uploads/2025/07/Elementary-Literature-List.pdf	grade 5 challenge
Epic of Gilgamesh	Anonymous	c.2100-1200 BC	logos-school	https://logosschool.com/wp-content/uploads/2025/07/Elementary-Literature-List.pdf	grade 5 challenge
The Call of the Wild	Jack London	1903	logos-school	https://canonpress.com/products/6th-grade-reading-guide-downloads	grade 6 core
White Fang	Jack London	1906	logos-school	https://canonpress.com/products/6th-grade-reading-guide-downloads	grade 6 auxiliary/core guide
A Christmas Carol	Charles Dickens	1843	logos-school	https://canonpress.com/products/6th-grade-reading-guide-downloads	grade 6 core
Hamlet	William Shakespeare	c.1600	logos-school	https://logosschool.com/wp-content/uploads/2025/07/Elementary-Literature-List.pdf	grade 6 core
Much Ado About Nothing	William Shakespeare	c.1598	logos-school	https://logosschool.com/wp-content/uploads/2025/07/Elementary-Literature-List.pdf	grade 6 core
Morning Star of the Reformation	Andy Thomson	1988	logos-school	https://logosschool.com/wp-content/uploads/2025/07/Elementary-Literature-List.pdf	grade 6 core; modern (Wycliffe biography)
The Prince and the Pauper	Mark Twain	1881	logos-school	https://logosschool.com/wp-content/uploads/2025/07/Elementary-Literature-List.pdf	grade 6 core
Six Sherlock Holmes stories	Arthur Conan Doyle	1887-1927	logos-school	https://logosschool.com/wp-content/uploads/2025/07/Elementary-Literature-List.pdf	grade 6 core
Tales from Shakespeare	Charles and Mary Lamb	1807	logos-school	https://canonpress.com/products/6th-grade-reading-guide-downloads	grade 6 core
The Scarlet Pimpernel	Baroness Orczy	1905	logos-school	https://logosschool.com/wp-content/uploads/2025/07/Elementary-Literature-List.pdf	grade 6 core
Treasure Island	Robert Louis Stevenson	1883	logos-school	https://canonpress.com/products/6th-grade-reading-guide-downloads	6th-grade reading guide
Father Brown stories	G.K. Chesterton	1910-1935	logos-school	https://logosschool.com/wp-content/uploads/2025/07/Elementary-Literature-List.pdf	grade 6 auxiliary
Foxe's Book of Martyrs	John Foxe	1563	logos-school	https://logosschool.com/wp-content/uploads/2025/07/Elementary-Literature-List.pdf	grade 6 auxiliary
Henry V	William Shakespeare	c.1599	logos-school	https://logosschool.com/wp-content/uploads/2025/07/Elementary-Literature-List.pdf	grade 6 auxiliary
The Man Who Would Be King	Rudyard Kipling	1888	logos-school	https://logosschool.com/wp-content/uploads/2025/07/Elementary-Literature-List.pdf	grade 6 auxiliary
The Thirty-Nine Steps	John Buchan	1915	logos-school	https://canonpress.com/products/8th-grade-reading-guide-downloads	grade 6 challenge on list; 8th-grade reading guide
Alice's Adventures in Wonderland	Lewis Carroll	1865	logos-school	https://canonpress.com/products/7th-grade-reading-guide-downloads	grade 6 challenge on list; 7th-grade guide
By Right of Conquest	G.A. Henty	1891	logos-school	https://logosschool.com/wp-content/uploads/2025/07/Elementary-Literature-List.pdf	grade 6 challenge
In the Reign of Terror	G.A. Henty	1888	logos-school	https://logosschool.com/wp-content/uploads/2025/07/Elementary-Literature-List.pdf	grade 6 challenge
With Lee in Virginia	G.A. Henty	1890	logos-school	https://logosschool.com/wp-content/uploads/2025/07/Elementary-Literature-List.pdf	grade 6 challenge
Kim	Rudyard Kipling	1901	logos-school	https://logosschool.com/wp-content/uploads/2025/07/Elementary-Literature-List.pdf	grade 6 challenge
Great Expectations	Charles Dickens	1861	logos-school	https://logosschool.com/wp-content/uploads/2025/07/Elementary-Literature-List.pdf	grade 6 challenge
The Merry Adventures of Robin Hood	Howard Pyle	1883	logos-school	https://logosschool.com/wp-content/uploads/2025/07/Elementary-Literature-List.pdf	grade 6 challenge
The Pilgrim's Progress	John Bunyan	1678	logos-school	https://canonpress.com/products/8th-grade-reading-guide-downloads	grade 6 challenge on list; 8th-grade (Worldview Guide)
A Tale of Two Cities	Charles Dickens	1859	logos-school	https://logosschool.com/wp-content/uploads/2025/07/Elementary-Literature-List.pdf	grade 6 challenge
The Taming of the Shrew	William Shakespeare	c.1592	logos-school	https://logosschool.com/wp-content/uploads/2025/07/Elementary-Literature-List.pdf	grade 6 challenge
The Time Machine	H.G. Wells	1895	logos-school	https://logosschool.com/wp-content/uploads/2025/07/Elementary-Literature-List.pdf	grade 6 challenge
The War of the Worlds	H.G. Wells	1898	logos-school	https://logosschool.com/wp-content/uploads/2025/07/Elementary-Literature-List.pdf	grade 6 challenge
Robinson Crusoe	Daniel Defoe	1719	logos-school	https://canonpress.com/products/7th-grade-reading-guide-downloads	grade 7
Rip Van Winkle	Washington Irving	1819	logos-school	https://canonpress.com/products/7th-grade-reading-guide-downloads	grade 7
The Legend of Sleepy Hollow	Washington Irving	1820	logos-school	https://canonpress.com/products/7th-grade-reading-guide-downloads	grade 7
Julius Caesar	William Shakespeare	1599	logos-school	https://canonpress.com/products/8th-grade-reading-guide-downloads	grade 8
The Black Arrow	Robert Louis Stevenson	1888	logos-school	https://canonpress.com/products/8th-grade-reading-guide-downloads	grade 8
Adventures of Huckleberry Finn	Mark Twain	1884	logos-school	https://canonpress.com/products/8th-grade-reading-guide-downloads	grade 8 (Worldview Guide)
The Scottish Chiefs	Jane Porter	1810	logos-school	https://canonpress.com/products/scottish-chiefs-reading-guide-download	Logos Press reading guide (grade not stated)
Ecclesiastical History (Church History)	Eusebius	c.325 AD	logos-school	https://logosschool.com/wp-content/uploads/2020/12/Secondary-Curriculum-Guide-Overview.pdf	grade 9 Church History
Ecclesiastical History of the English People	Bede	731	logos-school	https://logosschool.com/wp-content/uploads/2020/12/Secondary-Curriculum-Guide-Overview.pdf	"grade 9 Church History (""Bede"")"
Iliad	Homer	c.8th c. BC	logos-school	https://logosschool.com/wp-content/uploads/2020/12/Secondary-Curriculum-Guide-Overview.pdf	"grade 11 Classical Literature (""Iliad, Odyssey, Aeneid, etc."")"
Odyssey	Homer	c.8th c. BC	logos-school	https://logosschool.com/wp-content/uploads/2020/12/Secondary-Curriculum-Guide-Overview.pdf	grade 11 Classical Literature
Aeneid	Virgil	c.29-19 BC	logos-school	https://logosschool.com/wp-content/uploads/2020/12/Secondary-Curriculum-Guide-Overview.pdf	grade 11 Classical Literature
Histories	Herodotus	c.430 BC	logos-school	https://logosschool.com/wp-content/uploads/2020/12/Secondary-Curriculum-Guide-Overview.pdf	"grade 11 Classical History (""Herodotus, etc."")"
Fables (via Imitation in Writing: Aesop's Fables)	Aesop	c.6th c. BC	logos-school	https://logosschool.com/wp-content/uploads/2020/12/Elementary-Curriculum-Guide-Overview.pdf	Composition grades 2-3
Fables (Storybook Latin I: Phaedrus)	Phaedrus	1st c. AD	logos-school	https://logosschool.com/wp-content/uploads/2020/12/Elementary-Curriculum-Guide-Overview.pdf	Latin grade 3
Metamorphoses (Roman mythology, Logos Latin III)	Ovid	8 AD	logos-school	https://logosschool.com/wp-content/uploads/2020/12/Elementary-Curriculum-Guide-Overview.pdf	Latin grade 5 (adapted)
The Hobbit	J.R.R. Tolkien	1937	logos-school	https://canonpress.com/products/6th-grade-reading-guide-downloads	modern; grade 6
The Chronicles of Narnia (7 vols.)	C.S. Lewis	1950-1956	logos-school	https://logosschool.com/wp-content/uploads/2025/07/Elementary-Literature-List.pdf	modern; grades 3-6
Johnny Tremain	Esther Forbes	1943	logos-school	https://canonpress.com/products/7th-grade-reading-guide-downloads	modern; grade 7
Across Five Aprils	Irene Hunt	1964	logos-school	https://canonpress.com/products/7th-grade-reading-guide-downloads	modern; grade 7
Animal Farm	George Orwell	1945	logos-school	https://canonpress.com/products/8th-grade-reading-guide-downloads	modern; grade 8; grade 5 aux
Charlotte's Web	E.B. White	1952	logos-school	https://canonpress.com/products/3rd-grade-reading-guide-downloads	modern; grade 3
Little House books	Laura Ingalls Wilder	1932-1943	logos-school	https://logosschool.com/wp-content/uploads/2025/07/Elementary-Literature-List.pdf	modern; grades 2-3
The Door in the Wall	Marguerite de Angeli	1949	logos-school	https://canonpress.com/products/5th-grade-reading-guide-downloads	modern; grade 5
Adam of the Road	Elizabeth Janet Gray	1942	logos-school	https://canonpress.com/products/5th-grade-reading-guide-downloads	modern; grade 5
The Bronze Bow	Elizabeth George Speare	1961	logos-school	https://canonpress.com/products/4th-grade-reading-guide-downloads	modern; grade 4/5
Eagle of the Ninth	Rosemary Sutcliff	1954	logos-school	https://logosschool.com/wp-content/uploads/2025/07/Elementary-Literature-List.pdf	modern; grade 5
Watership Down	Richard Adams	1972	logos-school	https://logosschool.com/wp-content/uploads/2025/07/Elementary-Literature-List.pdf	modern; grade 6
The Hiding Place	Corrie ten Boom	1971	logos-school	https://logosschool.com/wp-content/uploads/2025/07/Elementary-Literature-List.pdf	modern; grade 6
Carry On, Mr. Bowditch	Jean Lee Latham	1955	logos-school	https://logosschool.com/wp-content/uploads/2025/07/Elementary-Literature-List.pdf	modern; grade 6
Scottish Seas	Douglas Jones	1990s	logos-school	https://canonpress.com/products/6th-grade-reading-guide-downloads	modern; grade 6
The Lord of the Rings	J.R.R. Tolkien	1954-1955	logos-school	https://logosschool.com/wp-content/uploads/2025/07/Elementary-Literature-List.pdf	modern; grade 6 challenge
Epic of Gilgamesh	Anonymous	c.2100-1200 BC	logos-online	https://logosonlineschool.com/products/integrated-humanities-a	IH A (Omnibus I); David Ferry rendering (modern verse)
Code of Hammurabi (Codes of Hammurabi and Moses)	Hammurabi	c.1754 BC	logos-online	https://logosonlineschool.com/products/integrated-humanities-a	IH A; ed. W.W. Davies
Odyssey	Homer	c.8th c. BC	logos-online	https://logosonlineschool.com/products/integrated-humanities-a	IH A; tr. Richmond Lattimore
Histories (Landmark Herodotus)	Herodotus	c.430 BC	logos-online	https://logosonlineschool.com/products/integrated-humanities-a	IH A; ed. Strassler
Oresteia	Aeschylus	458 BC	logos-online	https://logosonlineschool.com/products/integrated-humanities-a	IH A; tr. Robert Fagles
Plutarch's Lives vol. 1	Plutarch	c.100 AD	logos-online	https://logosonlineschool.com/products/integrated-humanities-a	IH A
Theban Plays	Sophocles	5th c. BC	logos-online	https://logosonlineschool.com/products/integrated-humanities-a	IH A
The Last Days of Socrates (Euthyphro, Apology, Crito, Phaedo)	Plato	4th c. BC	logos-online	https://logosonlineschool.com/products/integrated-humanities-a	IH A
The Early History of Rome, Books I-V	Livy	c.27-9 BC	logos-online	https://logosonlineschool.com/products/integrated-humanities-a	IH A; tr. Aubrey de Selincourt
Aeneid	Virgil	c.29-19 BC	logos-online	https://logosonlineschool.com/products/integrated-humanities-a	IH A
Julius Caesar	William Shakespeare	1599	logos-online	https://logosonlineschool.com/products/integrated-humanities-a	IH A
Ecclesiastical History	Eusebius	c.325 AD	logos-online	https://logosonlineschool.com/products/integrated-humanities-b	IH B (Omnibus II); tr. Paul L. Maier
Confessions	Augustine	c.397-400 AD	logos-online	https://logosonlineschool.com/products/integrated-humanities-b	IH B
On the Incarnation	Athanasius	c.318-335 AD	logos-online	https://logosonlineschool.com/products/integrated-humanities-b	IH B
Ecclesiastical History of the English People	Bede	731	logos-online	https://logosonlineschool.com/products/integrated-humanities-b	IH B
Rule of St. Benedict	Benedict of Nursia	c.530 AD	logos-online	https://logosonlineschool.com/products/integrated-humanities-b	IH B; ed. Timothy Fry
Beowulf	Anonymous	c.700-1000	logos-online	https://logosonlineschool.com/products/integrated-humanities-b	IH B; tr. Douglas Wilson (modern verse)
The Song of Roland	Anonymous	c.1100	logos-online	https://logosonlineschool.com/products/integrated-humanities-b	IH B; tr. Dorothy L. Sayers
The Dragon and the Raven	G.A. Henty	1886	logos-online	https://logosonlineschool.com/products/integrated-humanities-b	IH B
The Merry Adventures of Robin Hood	Howard Pyle	1883	logos-online	https://logosonlineschool.com/products/integrated-humanities-b	IH B
A Midsummer Night's Dream	William Shakespeare	c.1595	logos-online	https://logosonlineschool.com/products/integrated-humanities-b	IH B
History of the Kings of Britain	Geoffrey of Monmouth	c.1136	logos-online	https://logosonlineschool.com/products/integrated-humanities-b	IH B
Macbeth	William Shakespeare	c.1606	logos-online	https://logosonlineschool.com/products/integrated-humanities-b	IH B
Sir Gawain and the Green Knight	Anonymous	late 14th c.	logos-online	https://logosonlineschool.com/products/integrated-humanities-b	IH B
Inferno	Dante Alighieri	c.1308-1314	logos-online	https://logosonlineschool.com/products/integrated-humanities-b	IH B; tr. Mark Musa
Henry V	William Shakespeare	c.1599	logos-online	https://logosonlineschool.com/products/integrated-humanities-b	IH B
Richard III	William Shakespeare	c.1593	logos-online	https://logosonlineschool.com/products/integrated-humanities-b	IH B
Winning His Spurs	G.A. Henty	1882	logos-online	https://logosonlineschool.com/products/integrated-humanities-b	IH B
The Bondage of the Will	Martin Luther	1525	logos-online	https://logosonlineschool.com/products/integrated-humanities-b	IH B
The Canterbury Tales	Geoffrey Chaucer	c.1387-1400	logos-online	https://logosonlineschool.com/products/integrated-humanities-b	IH B; also https://logosonlineschool.com/products/integrated-humanities-iii; IH III
Iliad	Homer	c.8th c. BC	logos-online	https://logosonlineschool.com/products/integrated-humanities-ii	IH II (Omnibus IV)
History of the Peloponnesian War (Landmark Thucydides)	Thucydides	c.400 BC	logos-online	https://logosonlineschool.com/products/integrated-humanities-ii	IH II
The Bacchae and Other Plays	Euripides	5th c. BC	logos-online	https://logosonlineschool.com/products/integrated-humanities-ii	IH II; tr. Philip Vellacott
Lysistrata and Other Plays	Aristophanes	5th c. BC	logos-online	https://logosonlineschool.com/products/integrated-humanities-ii	IH II
Republic	Plato	c.375 BC	logos-online	https://logosonlineschool.com/products/integrated-humanities-ii	IH II
Nicomachean Ethics; Poetics (or Introduction to Aristotle)	Aristotle	4th c. BC	logos-online	https://logosonlineschool.com/products/integrated-humanities-ii	IH II
Aesop's Fables	Aesop	c.6th c. BC	logos-online	https://logosonlineschool.com/products/integrated-humanities-ii	IH II
Troilus and Cressida	William Shakespeare	c.1602	logos-online	https://logosonlineschool.com/products/integrated-humanities-ii	IH II
Apocrypha (New Oxford Annotated)	various	3rd c. BC-1st c. AD	logos-online	https://logosonlineschool.com/products/integrated-humanities-ii	IH II
Euclid's Elements, vol. 1	Euclid	c.300 BC	logos-online	https://logosonlineschool.com/products/integrated-humanities-ii	IH II
The War with Hannibal (Ab Urbe Condita XXI-XXX)	Livy	c.27-9 BC	logos-online	https://logosonlineschool.com/products/integrated-humanities-ii	IH II
On the Nature of Things	Lucretius	c.55 BC	logos-online	https://logosonlineschool.com/products/integrated-humanities-ii	IH II
Selected Works	Cicero	1st c. BC	logos-online	https://logosonlineschool.com/products/integrated-humanities-ii	IH II
Annals of Imperial Rome	Tacitus	c.116 AD	logos-online	https://logosonlineschool.com/products/integrated-humanities-ii	IH II
Eclogues and Georgics	Virgil	c.39-29 BC	logos-online	https://logosonlineschool.com/products/integrated-humanities-ii	IH II
Metamorphoses	Ovid	8 AD	logos-online	https://logosonlineschool.com/products/integrated-humanities-ii	IH II; also Latin 4
Complete Works (Antiquities; Jewish War)	Flavius Josephus	c.75-94 AD	logos-online	https://logosonlineschool.com/products/integrated-humanities-ii	IH II
Meditations	Marcus Aurelius	c.170-180 AD	logos-online	https://logosonlineschool.com/products/integrated-humanities-ii	IH II
The Apostolic Fathers	various	c.90-150 AD	logos-online	https://logosonlineschool.com/products/integrated-humanities-ii	IH II; ed. J.B. Lightfoot
The Lost World	Arthur Conan Doyle	1912	logos-online	https://logosonlineschool.com/products/integrated-humanities-ii	IH II
Antony and Cleopatra	William Shakespeare	c.1606	logos-online	https://logosonlineschool.com/products/integrated-humanities-ii	IH II
Twenty Thousand Leagues Under the Sea	Jules Verne	1870	logos-online	https://logosonlineschool.com/products/integrated-humanities-ii	IH II
Phantastes	George MacDonald	1858	logos-online	https://logosonlineschool.com/products/integrated-humanities-ii	IH II
Plutarch's Lives vol. 2	Plutarch	c.100 AD	logos-online	https://logosonlineschool.com/products/integrated-humanities-ii	IH II
City of God	Augustine	c.413-426 AD	logos-online	https://logosonlineschool.com/products/integrated-humanities-iii	IH III (Omnibus V)
Consolation of Philosophy	Boethius	c.524 AD	logos-online	https://logosonlineschool.com/products/integrated-humanities-iii	IH III
Chronicle of the Kings of England	William of Malmesbury	c.1125	logos-online	https://logosonlineschool.com/products/integrated-humanities-iii	IH III; tr. J.A. Giles
Two Lives of Charlemagne	Einhard; Notker the Stammerer	c.830; c.885	logos-online	https://logosonlineschool.com/products/integrated-humanities-iii	IH III
[Introduction to St. Thomas Aquinas] (Summa selections)	Thomas Aquinas	13th c.	logos-online	https://logosonlineschool.com/products/integrated-humanities-iii	IH III (anthology)
Divine Comedy (Inferno, Purgatorio, Paradiso)	Dante Alighieri	c.1308-1320	logos-online	https://logosonlineschool.com/products/integrated-humanities-iii	IH III
Saga of the Volsungs	Anonymous	13th c.	logos-online	https://logosonlineschool.com/products/integrated-humanities-iii	IH III; tr. Jesse Byock
The Koran	Muhammad (trad.)	7th c.	logos-online	https://logosonlineschool.com/products/integrated-humanities-iii	IH III
Le Morte d'Arthur	Thomas Malory	1485	logos-online	https://logosonlineschool.com/products/integrated-humanities-iii	IH III
Idylls of the King	Alfred Tennyson	1859-1885	logos-online	https://logosonlineschool.com/products/integrated-humanities-iii	IH III
A Connecticut Yankee in King Arthur's Court	Mark Twain	1889	logos-online	https://logosonlineschool.com/products/integrated-humanities-iii	IH III
The Decameron	Giovanni Boccaccio	c.1353	logos-online	https://logosonlineschool.com/products/integrated-humanities-iii	IH III
Tartuffe and Other Plays	Moliere	1664-1669	logos-online	https://logosonlineschool.com/products/integrated-humanities-iii	IH III
The Prince	Niccolo Machiavelli	1532	logos-online	https://logosonlineschool.com/products/integrated-humanities-iii	IH III
The Praise of Folly	Desiderius Erasmus	1511	logos-online	https://logosonlineschool.com/products/integrated-humanities-iii	IH III
Selections from His Writings	Martin Luther	16th c.	logos-online	https://logosonlineschool.com/products/integrated-humanities-iii	IH III (Dillenberger anthology)
Institutes of the Christian Religion	John Calvin	1559	logos-online	https://logosonlineschool.com/products/integrated-humanities-iii	IH III
The Faerie Queene Book I (Fierce Wars and Faithful Loves)	Edmund Spenser	1590	logos-online	https://logosonlineschool.com/products/integrated-humanities-iii	IH III; Roy Maynard ed.
Romeo and Juliet	William Shakespeare	c.1595	logos-online	https://logosonlineschool.com/products/integrated-humanities-iii	IH III
The Travels of Marco Polo	Marco Polo; Rustichello	c.1300	logos-online	https://logosonlineschool.com/products/integrated-humanities-iii	IH III
Othello	William Shakespeare	c.1603	logos-online	https://logosonlineschool.com/products/integrated-humanities-iii	IH III
Heidelberg Catechism	Ursinus; Olevianus	1563	logos-online	https://logosonlineschool.com/products/integrated-humanities-iii	IH III
The Complete English Poems	George Herbert	1633	logos-online	https://logosonlineschool.com/products/integrated-humanities-iii	IH III
Don Quixote	Miguel de Cervantes	1605-1615	logos-online	https://logosonlineschool.com/products/integrated-humanities-iii	IH III
Westminster Confession of Faith	Westminster Assembly	1646	logos-online	https://logosonlineschool.com/products/integrated-humanities-i	IH I (Omnibus III)
The Pilgrim's Progress	John Bunyan	1678	logos-online	https://logosonlineschool.com/products/integrated-humanities-i	IH I
Of Plymouth Plantation	William Bradford	1630-1651	logos-online	https://logosonlineschool.com/products/integrated-humanities-i	IH I
The Social Contract	Jean-Jacques Rousseau	1762	logos-online	https://logosonlineschool.com/products/integrated-humanities-i	IH I
The Anti-Federalist Papers	Patrick Henry et al.	1787-1788	logos-online	https://logosonlineschool.com/products/integrated-humanities-i	IH I; ed. Ralph Ketcham
The Federalist Papers	Hamilton; Madison; Jay	1787-1788	logos-online	https://logosonlineschool.com/products/integrated-humanities-i	IH I
A Tale of Two Cities	Charles Dickens	1859	logos-online	https://logosonlineschool.com/products/integrated-humanities-i	IH I
Foxe's Book of Martyrs	John Foxe	1563	logos-online	https://logosonlineschool.com/products/integrated-humanities-i	IH I (updated edition)
Frankenstein	Mary Shelley	1818	logos-online	https://logosonlineschool.com/products/integrated-humanities-i	IH I
Pride and Prejudice	Jane Austen	1813	logos-online	https://logosonlineschool.com/products/integrated-humanities-i	IH I
Gulliver's Travels	Jonathan Swift	1726	logos-online	https://logosonlineschool.com/products/integrated-humanities-i	IH I
Autobiography and Other Writings	Benjamin Franklin	1771-1790	logos-online	https://logosonlineschool.com/products/integrated-humanities-i	IH I
Autobiography (Memoirs)	Charles G. Finney	1876	logos-online	https://logosonlineschool.com/products/integrated-humanities-i	IH I
The Adventures of Tom Sawyer	Mark Twain	1876	logos-online	https://logosonlineschool.com/products/integrated-humanities-i	IH I
Reflections on the Revolution in France	Edmund Burke	1790	logos-online	https://logosonlineschool.com/products/integrated-humanities-i	IH I
Uncle Tom's Cabin	Harriet Beecher Stowe	1852	logos-online	https://logosonlineschool.com/products/integrated-humanities-i	IH I
Speeches and Writings 1859-1865	Abraham Lincoln	1859-1865	logos-online	https://logosonlineschool.com/products/integrated-humanities-i	IH I
The Communist Manifesto	Karl Marx; Friedrich Engels	1848	logos-online	https://logosonlineschool.com/products/integrated-humanities-i	IH I
The Great Gatsby	F. Scott Fitzgerald	1925	logos-online	https://logosonlineschool.com/products/integrated-humanities-i	IH I
Mein Kampf	Adolf Hitler	1925	logos-online	https://logosonlineschool.com/products/integrated-humanities-i	IH I
Little Women	Louisa May Alcott	1868	logos-online	https://logosonlineschool.com/products/integrated-humanities-i	IH I
Christianity and Liberalism	J. Gresham Machen	1923	logos-online	https://logosonlineschool.com/products/integrated-humanities-i	IH I
Paradise Lost	John Milton	1667	logos-online	https://logosonlineschool.com/products/integrated-humanities-iv	IH IV (Omnibus VI)
Robinson Crusoe	Daniel Defoe	1719	logos-online	https://logosonlineschool.com/products/integrated-humanities-iv	IH IV
Leviathan	Thomas Hobbes	1651	logos-online	https://logosonlineschool.com/products/integrated-humanities-iv	IH IV
Pensees	Blaise Pascal	1670	logos-online	https://logosonlineschool.com/products/integrated-humanities-iv	IH IV
Emma	Jane Austen	1815	logos-online	https://logosonlineschool.com/products/integrated-humanities-iv	IH IV
Origin and Principles of the American Revolution	Friedrich von Gentz	1800	logos-online	https://logosonlineschool.com/products/integrated-humanities-iv	IH IV; tr. J.Q. Adams
The Wealth of Nations	Adam Smith	1776	logos-online	https://logosonlineschool.com/products/integrated-humanities-iv	IH IV
Moby-Dick	Herman Melville	1851	logos-online	https://logosonlineschool.com/products/integrated-humanities-iv	IH IV
Democracy in America	Alexis de Tocqueville	1835-1840	logos-online	https://logosonlineschool.com/products/integrated-humanities-iv	IH IV
Adventures of Huckleberry Finn	Mark Twain	1884	logos-online	https://logosonlineschool.com/products/integrated-humanities-iv	IH IV
On Christian Doctrine	Augustine	c.397-426 AD	logos-online	https://logosonlineschool.com/products/integrated-humanities-iv	IH IV
Hamlet	William Shakespeare	c.1600	logos-online	https://logosonlineschool.com/products/integrated-humanities-iv	IH IV
Common Sense	Thomas Paine	1776	logos-online	https://logosonlineschool.com/products/integrated-humanities-iv	IH IV
The Red Badge of Courage	Stephen Crane	1895	logos-online	https://logosonlineschool.com/products/integrated-humanities-iv	IH IV
Self-Reliance	Ralph Waldo Emerson	1841	logos-online	https://logosonlineschool.com/products/integrated-humanities-iv	IH IV
Civil Disobedience	Henry David Thoreau	1849	logos-online	https://logosonlineschool.com/products/integrated-humanities-iv	IH IV
Leaves of Grass	Walt Whitman	1855	logos-online	https://logosonlineschool.com/products/integrated-humanities-iv	IH IV
Strange Case of Dr Jekyll and Mr Hyde	Robert Louis Stevenson	1886	logos-online	https://logosonlineschool.com/products/integrated-humanities-iv	IH IV
The Picture of Dorian Gray	Oscar Wilde	1890	logos-online	https://logosonlineschool.com/products/integrated-humanities-iv	IH IV
Notes from Underground	Fyodor Dostoevsky	1864	logos-online	https://logosonlineschool.com/products/integrated-humanities-iv	IH IV
Beyond Good and Evil	Friedrich Nietzsche	1886	logos-online	https://logosonlineschool.com/products/integrated-humanities-iv	IH IV
The Interpretation of Dreams	Sigmund Freud	1899	logos-online	https://logosonlineschool.com/products/integrated-humanities-iv	IH IV
Heart of Darkness	Joseph Conrad	1899	logos-online	https://logosonlineschool.com/products/integrated-humanities-iv	IH IV
The Jungle	Upton Sinclair	1906	logos-online	https://logosonlineschool.com/products/integrated-humanities-iv	IH IV
Poetry (The Waste Land etc.)	T.S. Eliot	1915-1943	logos-online	https://logosonlineschool.com/products/integrated-humanities-iv	IH IV; partly post-1930
The Faerie Queene	Edmund Spenser	1590-1596	logos-online	https://logosonlineschool.com/products/spenser-s-faerie-queene-christian-virtue-elective	elective; Penguin Classics ed.
Life and Campaigns of Lt. Gen. Thomas J. (Stonewall) Jackson	R.L. Dabney	1866	logos-online	https://logosonlineschool.com/products/north-vs-south-the-american-civil-war-elective	elective
Narrative of the Life of Frederick Douglass	Frederick Douglass	1845	logos-online	https://logosonlineschool.com/products/north-vs-south-the-american-civil-war-elective	elective
The Boy Knight (Winning His Spurs)	G.A. Henty	1882	logos-online	https://logosonlineschool.com/products/history-of-the-crusades-elective	elective
In the Heart of the Rockies	G.A. Henty	1894	logos-online	https://logosonlineschool.com/products/united-states-history-1	elective (pick one of three Henty)
A Tale of the Western Plains (Redskin and Cow-Boy)	G.A. Henty	1892	logos-online	https://logosonlineschool.com/products/united-states-history-1	elective (pick one of three Henty)
With Lee in Virginia	G.A. Henty	1890	logos-online	https://logosonlineschool.com/products/united-states-history-1	elective (pick one of three Henty)
World War One British Poets (Brooke, Owen, Sassoon, Rosenberg)	various	1914-1918	logos-online	https://logosonlineschool.com/products/reformation-history-theology-copy	History of the World Wars elective; Dover anthology
Divine Providence (A Classic Work for Modern Readers)	Stephen Charnock	17th c.	logos-online	https://logosonlineschool.com/products/theology-proper-the-trinity-gods-attributes-and-providence-elective	elective; modernized P&R 2022 ed.
Out of the Silent Planet / Perelandra / That Hideous Strength	C.S. Lewis	1938-1945	logos-online	https://logosonlineschool.com/products/integrated-humanities-iv	modern
The Hobbit; The Lord of the Rings	J.R.R. Tolkien	1937-1955	logos-online	https://logosonlineschool.com/products/integrated-humanities-b	modern
The Nine Tailors	Dorothy L. Sayers	1934	logos-online	https://logosonlineschool.com/products/integrated-humanities-b	modern
Till We Have Faces	C.S. Lewis	1956	logos-online	https://logosonlineschool.com/products/integrated-humanities-a	modern
The Chronicles of Narnia	C.S. Lewis	1950-1956	logos-online	https://logosonlineschool.com/products/integrated-humanities-a	modern
The Eagle of the Ninth	Rosemary Sutcliff	1954	logos-online	https://logosonlineschool.com/products/integrated-humanities-a	modern
Animal Farm	George Orwell	1945	logos-online	https://logosonlineschool.com/products/integrated-humanities-i	modern
The Old Man and the Sea	Ernest Hemingway	1952	logos-online	https://logosonlineschool.com/products/integrated-humanities-i	modern
Death of a Salesman	Arthur Miller	1949	logos-online	https://logosonlineschool.com/products/integrated-humanities-i	modern
The Killer Angels	Michael Shaara	1974	logos-online	https://logosonlineschool.com/products/integrated-humanities-i	modern
The Great Divorce	C.S. Lewis	1945	logos-online	https://logosonlineschool.com/products/integrated-humanities-iii	modern
The Name of the Rose	Umberto Eco	1980	logos-online	https://logosonlineschool.com/products/integrated-humanities-iii	modern
All Quiet on the Western Front	Erich Maria Remarque	1929	logos-online	https://logosonlineschool.com/products/integrated-humanities-iv	modern
The Sun Also Rises	Ernest Hemingway	1926	logos-online	https://logosonlineschool.com/products/integrated-humanities-iv	modern
One Day in the Life of Ivan Denisovich	Aleksandr Solzhenitsyn	1962	logos-online	https://logosonlineschool.com/products/integrated-humanities-iv	modern
The Stranger	Albert Camus	1942	logos-online	https://logosonlineschool.com/products/integrated-humanities-iv	modern
Brave New World	Aldous Huxley	1932	logos-online	https://logosonlineschool.com/products/integrated-humanities-iv	modern
Death on the Nile	Agatha Christie	1937	logos-online	https://logosonlineschool.com/products/integrated-humanities-ii	modern
Mythology	Edith Hamilton	1942	logos-online	https://logosonlineschool.com/products/integrated-humanities-ii	modern
