title	author	orig_date	cc_level	evidence_url	note
The Lion, the Witch and the Wardrobe	C. S. Lewis	1950	Challenge A	https://classicalconversationsbooks.com/products/as047	modern
Carry On, Mr. Bowditch	Jean Lee Latham	1955	Challenge A	https://classicalconversationsbooks.com/products/as003	modern
The Magician's Nephew	C. S. Lewis	1955	Challenge A	https://classicalconversationsbooks.com/products/as031	modern
Number the Stars	Lois Lowry	1989	Challenge A	https://classicalconversationsbooks.com/products/as022	modern
Amos Fortune, Free Man	Elizabeth Yates	1950	Challenge A	https://classicalconversationsbooks.com/products/as001	modern
The Secret Garden	Frances Hodgson Burnett	1911	Challenge A	https://classicalconversationsbooks.com/products/copper-lodge-library-the-secret-garden	CC Copper Lodge Library ed.
The Door in the Wall	Marguerite de Angeli	1949	Challenge A	https://classicalconversationsbooks.com/products/as030	modern
A Gathering of Days	Joan W. Blos	1979	Challenge A	https://classicalconversationsbooks.com/products/as006	modern
Crispin: The Cross of Lead	Avi	2002	Challenge A	https://classicalconversationsbooks.com/products/as009	modern
The Bronze Bow	Elizabeth George Speare	1961	Challenge A	https://classicalconversationsbooks.com/products/as029	modern
Words Aptly Spoken: Children's Literature	Classical Conversations	2011	Challenge A	https://classicalconversationsbooks.com/products/as035	modern; CC study guide (3rd ed.)
The Pattern of God's Truth	Frank Gaebelein	1954	Challenge A	https://classicalconversationsbooks.com/products/as055	modern; parent book
The Phantom Tollbooth	Norton Juster	1961	Challenge B	https://classicalconversationsbooks.com/products/bs031	modern
Little Britches: Father and I Were Ranchers	Ralph Moody	1950	Challenge B	https://classicalconversationsbooks.com/products/bs002	modern
Where the Red Fern Grows	Wilson Rawls	1961	Challenge B	https://classicalconversationsbooks.com/products/bs035	modern
The Hiding Place	Corrie ten Boom	1971	Challenge B	https://classicalconversationsbooks.com/products/bs029	modern
Tanglewood Tales	Nathaniel Hawthorne	1853	Challenge B	https://classicalconversationsbooks.com/products/bs061	CC Copper Lodge Library ed.
Words Aptly Spoken: Short Stories	Classical Conversations	2014	Challenge B	https://classicalconversationsbooks.com/products/bs038	modern; CC anthology of classic short stories (3rd ed.)
Words Aptly Spoken: Children's Literature	Classical Conversations	2011	Challenge B	https://classicalconversationsbooks.com/products/as035	modern; CC study guide
The American Experience Storybook	Classical Conversations (compiler)	2020s	Challenge B	https://classicalconversationsbooks.com/products/the-american-experience-storybook-bs023	CC compilation of older history stories
The Soul of Science	Nancy Pearcey & Charles Thaxton	1994	Challenge B	https://classicalconversationsbooks.com/products/bs032	modern
Defeating Darwinism by Opening Minds	Phillip E. Johnson	1997	Challenge B	https://classicalconversationsbooks.com/products/bs004	modern
The Peacemaker	Ken Sande	1991	Challenge B	https://classicalconversationsbooks.com/products/bs055	modern; parent book
The Sign of the Beaver	Elizabeth George Speare	1983	Challenge I	https://classicalconversationsbooks.com/products/1s031	modern
The Witch of Blackbird Pond	Elizabeth George Speare	1958	Challenge I	https://classicalconversationsbooks.com/products/1s043	modern
The Call of the Wild	Jack London	1903	Challenge I	https://classicalconversationsbooks.com/products/1s024	
Johnny Tremain	Esther Forbes	1943	Challenge I	https://classicalconversationsbooks.com/products/1s012	modern
The Red Badge of Courage	Stephen Crane	1895	Challenge I	https://classicalconversationsbooks.com/products/1s029	
The Scarlet Letter	Nathaniel Hawthorne	1850	Challenge I	https://classicalconversationsbooks.com/products/1s007	CC Copper Lodge Library ed.
The Pit and the Pendulum (in The Gold-Bug & Other Tales)	Edgar Allan Poe	1842	Challenge I	https://classicalconversationsbooks.com/products/1s026	
Billy Budd, Sailor	Herman Melville	1924	Challenge I	https://classicalconversationsbooks.com/products/1s003	written 1891, publ. posthumously 1924
Through Gates of Splendor	Elisabeth Elliot	1957	Challenge I	https://classicalconversationsbooks.com/products/1s033	modern
The Adventures of Tom Sawyer	Mark Twain	1876	Challenge I	https://classicalconversationsbooks.com/products/1s022	
An Old-Fashioned Girl	Louisa May Alcott	1870	Challenge I	https://classicalconversationsbooks.com/products/1s044	
Harvey	Mary Chase	1944	Challenge I	https://classicalconversationsbooks.com/products/1s037	modern; play
The Best Christmas Pageant Ever	Barbara Robinson	1972	Challenge I	https://classicalconversationsbooks.com/products/1s023	modern
To Kill a Mockingbird	Harper Lee	1960	Challenge I	https://classicalconversationsbooks.com/products/1s034	modern
Born Again	Charles W. Colson	1976	Challenge I	https://classicalconversationsbooks.com/products/1s004	modern
Up from Slavery	Booker T. Washington	1901	Challenge I	https://classicalconversationsbooks.com/products/up-from-slavery-1s051	CC Copper Lodge Library ed.
Narrative of the Life of Frederick Douglass, an American Slave	Frederick Douglass	1845	Challenge I	https://classicalconversationsbooks.com/products/copper-lodge-library-narrative-of-the-life-of-frederick-douglass	CC Copper Lodge Library ed.
The Old Man and the Sea	Ernest Hemingway	1952	Challenge I	https://classicalconversationsbooks.com/products/1s028	modern
Self-Reliance and Essays on the Nature of Man	Ralph Waldo Emerson	1841	Challenge I	https://classicalconversationsbooks.com/products/copper-lodge-library-self-reliance-and-essays-on-the-nature-of-man	CC Copper Lodge Library ed.
Walden; or, Life in the Woods	Henry David Thoreau	1854	Challenge I	https://classicalconversationsbooks.com/products/walden-or-life-in-the-woods-1s053	
Starship Troopers	Robert A. Heinlein	1959	Challenge I	https://classicalconversationsbooks.com/products/1s021	modern
Tales from Shakespeare	Charles and Mary Lamb	1807	Challenge I	https://classicalconversationsbooks.com/products/1s005	not in current bundle; store lists Challenge I & III
Words Aptly Spoken: American Literature	Classical Conversations	2011	Challenge I	https://classicalconversationsbooks.com/products/1s046	modern; CC study guide
Words Aptly Spoken: American Documents	Classical Conversations	2011	Challenge I	https://classicalconversationsbooks.com/products/1s047	modern; CC anthology of US documents/speeches
Economics: A Bluestocking Guide	Jane A. Williams (with Richard J. Maybury)	2004	Challenge I	https://classicalconversationsbooks.com/products/1s006	modern
Whatever Happened to Penny Candy?	Richard J. Maybury	1989	Challenge I	https://classicalconversationsbooks.com/products/1s039	modern
The Money Mystery	Richard J. Maybury	2004	Challenge I	https://classicalconversationsbooks.com/products/1s027	modern
Total Truth	Nancy Pearcey	2004	Challenge I	https://classicalconversationsbooks.com/products/1s062	modern; parent book
The Case for Classical Christian Education	Douglas Wilson	2003	Challenge I	https://classicalconversationsbooks.com/products/1s065	modern; parent book
Sir Gawain and the Green Knight (in English Epic Poetry)	Anonymous (Pearl Poet)	c.1375-1400	Challenge II	https://classicalconversationsbooks.com/products/copper-lodge-library-english-epic-poetry	CC Copper Lodge Library anthology
The Canterbury Tales: General Prologue and The Knight's Tale (in English Epic Poetry)	Geoffrey Chaucer	c.1387-1400	Challenge II	https://classicalconversationsbooks.com/products/copper-lodge-library-english-epic-poetry	CC Copper Lodge Library anthology; excerpts
Paradise Lost, Book 1 (in English Epic Poetry)	John Milton	1667	Challenge II	https://classicalconversationsbooks.com/products/copper-lodge-library-english-epic-poetry	CC Copper Lodge Library anthology; Book 1 only
Crito (in Words Aptly Spoken: Socratic Dialogues)	Plato	c.399-360 BC	Challenge II	https://classicalconversationsbooks.com/products/words-aptly-spoken-socratic-dialogues-2s057	CC study ed. 2019
Meno (in Words Aptly Spoken: Socratic Dialogues)	Plato	c.385 BC	Challenge II	https://classicalconversationsbooks.com/products/words-aptly-spoken-socratic-dialogues-2s057	CC study ed. 2019
The Pilgrim's Progress	John Bunyan	1678	Challenge II	https://classicalconversationsbooks.com/products/the-pilgrim-s-progress	
Robinson Crusoe	Daniel Defoe	1719	Challenge II	https://classicalconversationsbooks.com/products/2s022	
Gulliver's Travels	Jonathan Swift	1726	Challenge II	https://classicalconversationsbooks.com/products/2s012	
Pride and Prejudice	Jane Austen	1813	Challenge II	https://classicalconversationsbooks.com/products/copper-lodge-library-pride-and-prejudice	CC Copper Lodge Library ed.
Jane Eyre	Charlotte Bronte	1847	Challenge II	https://classicalconversationsbooks.com/products/jane-eyre	
A Tale of Two Cities	Charles Dickens	1859	Challenge II	https://classicalconversationsbooks.com/products/a-tale-of-two-cities	
Alice's Adventures in Wonderland	Lewis Carroll	1865	Challenge II	https://classicalconversationsbooks.com/products/alice-s-adventures-in-wonderland	
Favorite Father Brown Stories	G. K. Chesterton	1911	Challenge II	https://classicalconversationsbooks.com/products/2s011	stories 1910-1935
A Passage to India	E. M. Forster	1924	Challenge II	https://classicalconversationsbooks.com/products/2s002	modern
The Hobbit	J. R. R. Tolkien	1937	Challenge II	https://classicalconversationsbooks.com/products/2s034	modern
Out of the Silent Planet	C. S. Lewis	1938	Challenge II	https://classicalconversationsbooks.com/products/2s019	modern
The Screwtape Letters	C. S. Lewis	1942	Challenge II	https://classicalconversationsbooks.com/products/2s036	modern
Animal Farm	George Orwell	1945	Challenge II	https://classicalconversationsbooks.com/products/2s005	modern
Something Beautiful for God	Malcolm Muggeridge	1971	Challenge II	https://classicalconversationsbooks.com/products/2s028	modern
How Should We Then Live?	Francis A. Schaeffer	1976	Challenge II	https://classicalconversationsbooks.com/products/2s017	modern
State of the Arts	Gene Edward Veith	1991	Challenge II	https://classicalconversationsbooks.com/products/2s029	modern
The Gift of Music	Jane Stuart Smith & Betty Carlson	1978	Challenge II	https://classicalconversationsbooks.com/products/2s033	modern
Classical Music for Dummies	David Pogue & Scott Speck	1997	Challenge II	https://classicalconversationsbooks.com/products/fs002	modern
Words Aptly Spoken: British Literature	Classical Conversations	2011	Challenge II	https://classicalconversationsbooks.com/products/2s043	modern; CC study guide
Saving Leonardo	Nancy Pearcey	2010	Challenge II	https://classicalconversationsbooks.com/products/2s052	modern; parent book
Amusing Ourselves to Death	Neil Postman	1985	Challenge II	https://classicalconversationsbooks.com/products/2s055	modern; parent book
Humility: The Journey Toward Holiness	Andrew Murray	1895	Challenge II	https://classicalconversationsbooks.com/products/2s054	parent book
Much Ado About Nothing	William Shakespeare	c.1598-99	Challenge III	https://classicalconversationsbooks.com/products/3s028	
Julius Caesar	William Shakespeare	1599	Challenge III	https://classicalconversationsbooks.com/products/3s026	
Macbeth	William Shakespeare	c.1606	Challenge III	https://classicalconversationsbooks.com/products/3s027	
Henry V	William Shakespeare	1599	Challenge III	https://classicalconversationsbooks.com/products/3s025	
Hamlet	William Shakespeare	c.1600	Challenge III	https://classicalconversationsbooks.com/products/3s024	
Brightest Heaven of Invention	Peter J. Leithart	1996	Challenge III	https://classicalconversationsbooks.com/products/3s003	modern; Christian guide to six Shakespeare plays
The Roar on the Other Side	Suzanne U. Clark	2000	Challenge III	https://classicalconversationsbooks.com/products/3s017	modern; poetry
A Patriot's History of the United States	Larry Schweikart & Michael Allen	2004	Challenge III	https://classicalconversationsbooks.com/products/3s002	modern
Reasoning Together: Philosophy	Classical Conversations	2020s	Challenge III	https://classicalconversationsbooks.com/products/reasoning-together-philosophy	modern; CC anthology of philosophy excerpts (Solomon & Socrates to Chesterton & Esolen)
Tales from Shakespeare	Charles and Mary Lamb	1807	Challenge III	https://classicalconversationsbooks.com/products/1s005	store lists Challenge I & III
Words Aptly Spoken: American Documents	Classical Conversations	2011	Challenge III	https://classicalconversationsbooks.com/products/1s047	modern; store lists Challenge I, III, Foundations
Repairing the Ruins	Douglas Wilson (ed.)	1996	Challenge III	https://classicalconversationsbooks.com/products/3s031	modern; parent book
Norms & Nobility	David V. Hicks	1981	Challenge III	https://classicalconversationsbooks.com/products/3s032	modern; parent book
Beauty for Truth's Sake	Stratford Caldecott	2009	Challenge III	https://classicalconversationsbooks.com/products/3s033	modern; parent book
The Iliad	Homer	c.750 BC	Challenge IV	https://classicalconversationsbooks.com/products/4s013	tr. Robert Fagles
The Odyssey	Homer	c.725 BC	Challenge IV	https://classicalconversationsbooks.com/products/4s014	tr. Robert Fagles
The Aeneid	Virgil	c.19 BC	Challenge IV	https://classicalconversationsbooks.com/products/4s011	tr. Robert Fitzgerald
Theogony and Works and Days	Hesiod	c.700 BC	Challenge IV	https://classicalconversationsbooks.com/products/4s015	tr. M. L. West
Oedipus Rex	Sophocles	c.429 BC	Challenge IV	https://classicalconversationsbooks.com/products/4s005	tr. Sir George Young
Heroes of the City of Man	Peter J. Leithart	1999	Challenge IV	https://classicalconversationsbooks.com/products/4s002	modern
Mere Christianity	C. S. Lewis	1952	Challenge IV	https://classicalconversationsbooks.com/products/4s004	modern
The Abolition of Man	C. S. Lewis	1943	Challenge IV	https://classicalconversationsbooks.com/products/4s031	modern
The Discoverers	Daniel J. Boorstin	1983	Challenge IV	https://classicalconversationsbooks.com/products/4s012	modern
Calculus for Everyone	not stated in listing	2020s	Challenge IV	https://classicalconversationsbooks.com/products/calculus-for-everyone-understanding-physics-and-the-mathematics-of-change	modern; textbook
Praying the Bible	Donald S. Whitney	2015	Challenge IV	https://classicalconversationsbooks.com/products/4s035	modern
Angels in the Architecture	Douglas Jones & Douglas Wilson	1998	Challenge IV	https://classicalconversationsbooks.com/products/4s032	modern; parent book
Listening for Heaven's Sake	Gary Sweeten et al.	1993	Challenge IV	https://classicalconversationsbooks.com/products/4s030	modern; parent book
Norms & Nobility	David V. Hicks	1981	Challenge IV	https://classicalconversationsbooks.com/products/3s032	modern; parent book
Tanglewood Tales	Nathaniel Hawthorne	1853	Foundations	https://classicalconversationsbooks.com/products/bs061	store lists Foundations & Challenge B (Cycle 1)
The Paideia of God	Douglas Wilson	1999	Foundations	https://classicalconversationsbooks.com/products/fs095	modern; parent book
Kings of Rome	Classical Conversations	2022	Scribblers	https://classicalconversationsbooks.com/products/copper-lodge-library-kings-of-rome	modern; read-aloud history (Cycle 1)
Senators of Rome	Classical Conversations	2022	Scribblers	https://classicalconversationsbooks.com/products/copper-lodge-library-senators-of-rome	modern; read-aloud history
Ancient World Echoes	Classical Conversations (compiler)	2020s	Scribblers	https://classicalconversationsbooks.com/products/copper-lodge-library-ancient-world-echoes	CC anthology of myths, fables, short stories (Cycle 1)
Old World Echoes	Classical Conversations (compiler)	2020s	Scribblers	https://classicalconversationsbooks.com/products/old-world-echoes-sc200	CC anthology of old stories & poems (Cycle 2)
The Writing Road to Reading	Romalda Spalding	1957	Scribblers	https://classicalconversationsbooks.com/products/sc059	modern; phonics text
Our Mother Tongue	Nancy Wilson	2003	Essentials	https://classicalconversationsbooks.com/products/es015	modern; grammar text; also Challenge A/B
When People Are Big and God Is Small	Edward T. Welch	1997	Essentials	https://classicalconversationsbooks.com/products/es050	modern; parent book; store lists all programs
God Lives	Hans Christian Andersen	c.1850s	Challenge B	https://classicalconversations.com/?p=10104	CC official 117 Must-Read list; short story/biography (Words Aptly Spoken Short Stories / American Experience Storybook era)
Sacajawea	Myron L. Ayers	early 20th c.	Challenge B	https://classicalconversations.com/?p=10104	CC official 117 Must-Read list; short story/biography (Words Aptly Spoken Short Stories / American Experience Storybook era)
Eli Whitney	Frank P. Bachman	1918	Challenge B	https://classicalconversations.com/?p=10104	CC official 117 Must-Read list; short story/biography (Words Aptly Spoken Short Stories / American Experience Storybook era)
A King in Disguise	Matteo Bandello	16th c.	Challenge B	https://classicalconversations.com/?p=10104	CC official 117 Must-Read list; short story/biography (Words Aptly Spoken Short Stories / American Experience Storybook era)
The Pledge of Allegiance	Francis Bellamy	1892	Challenge I	https://classicalconversations.com/?p=10104	CC official 117 Must-Read list; American document (Words Aptly Spoken: American Documents)
A Man and the Snake	Ambrose Bierce	1890	Challenge B	https://classicalconversations.com/?p=10104	CC official 117 Must-Read list; short story/biography (Words Aptly Spoken Short Stories / American Experience Storybook era)
Molly Pitcher	Pauline Carrington Bouve	early 20th c.	Challenge B	https://classicalconversations.com/?p=10104	CC official 117 Must-Read list; short story/biography (Words Aptly Spoken Short Stories / American Experience Storybook era)
Mayflower Compact	William Bradford and various	1620	Challenge I	https://classicalconversations.com/?p=10104	CC official 117 Must-Read list; American document (Words Aptly Spoken: American Documents)
Robert E. Lee	Elbridge Streeter Brooks	c.1900	Challenge B	https://classicalconversations.com/?p=10104	CC official 117 Must-Read list; short story/biography (Words Aptly Spoken Short Stories / American Experience Storybook era)
Five Kernels of Corn	Hezekiah Butterworth	c.1880s	Challenge I	https://classicalconversations.com/?p=10104	CC official 117 Must-Read list
On the Slavery Question	John C. Calhoun	1850	Challenge I	https://classicalconversations.com/?p=10104	CC official 117 Must-Read list; American document (Words Aptly Spoken: American Documents)
George Washington Carver	George Washington Carver	early 20th c.	Challenge B	https://classicalconversations.com/?p=10104	CC official 117 Must-Read list; short story/biography (Words Aptly Spoken Short Stories / American Experience Storybook era)
The Bet	Anton Chekhov	1889	Challenge B	https://classicalconversations.com/?p=10104	CC official 117 Must-Read list; short story/biography (Words Aptly Spoken Short Stories / American Experience Storybook era)
Apologia (excerpt)	Christopher Columbus	c.1500	Challenge I	https://classicalconversations.com/?p=10104	CC official 117 Must-Read list; American document (Words Aptly Spoken: American Documents)
The Missouri Compromise	Henry Clay	1820	Challenge I	https://classicalconversations.com/?p=10104	CC official 117 Must-Read list; American document (Words Aptly Spoken: American Documents)
Fanny Crosby	Fanny Crosby	c.1900s	Challenge B	https://classicalconversations.com/?p=10104	CC official 117 Must-Read list; short story/biography (Words Aptly Spoken Short Stories / American Experience Storybook era)
The Northwest Ordinance	Nathan Dane and Rufus King	1787	Challenge I	https://classicalconversations.com/?p=10104	CC official 117 Must-Read list; American document (Words Aptly Spoken: American Documents)
The Last Lesson	Alphonse Daudet	1873	Challenge B	https://classicalconversations.com/?p=10104	CC official 117 Must-Read list; short story/biography (Words Aptly Spoken Short Stories / American Experience Storybook era)
The Necklace	Guy de Maupassant	1884	Challenge B	https://classicalconversations.com/?p=10104	CC official 117 Must-Read list; short story/biography (Words Aptly Spoken Short Stories / American Experience Storybook era)
The Articles of Confederation	John Dickinson and various	1777	Challenge I	https://classicalconversations.com/?p=10104	CC official 117 Must-Read list; American document (Words Aptly Spoken: American Documents)
The Startling Painting	Fyodor Dostoevsky	19th c.	Challenge B	https://classicalconversations.com/?p=10104	CC official 117 Must-Read list; short story/biography (Words Aptly Spoken Short Stories / American Experience Storybook era)
The Red-Headed League	Arthur Conan Doyle	1891	Challenge B	https://classicalconversations.com/?p=10104	CC official 117 Must-Read list; short story/biography (Words Aptly Spoken Short Stories / American Experience Storybook era)
George Washington	Edward Eggleston	c.1880s	Challenge B	https://classicalconversations.com/?p=10104	CC official 117 Must-Read list; short story/biography (Words Aptly Spoken Short Stories / American Experience Storybook era)
Nathan Hale	Francis M. Finch	19th c.	Challenge I	https://classicalconversations.com/?p=10104	CC official 117 Must-Read list
The Curious Case of Benjamin Button	F. Scott Fitzgerald	1922	Challenge B	https://classicalconversations.com/?p=10104	CC official 117 Must-Read list; short story/biography (Words Aptly Spoken Short Stories / American Experience Storybook era); modern
Henry Ford	Henry Ford	early 20th c.	Challenge B	https://classicalconversations.com/?p=10104	CC official 117 Must-Read list; short story/biography (Words Aptly Spoken Short Stories / American Experience Storybook era)
Liberty for All	William Lloyd Garrison	1831	Challenge I	https://classicalconversations.com/?p=10104	CC official 117 Must-Read list; American document (Words Aptly Spoken: American Documents)
Stonewall Jackson	John G. Gittings	c.1899	Challenge B	https://classicalconversations.com/?p=10104	CC official 117 Must-Read list; short story/biography (Words Aptly Spoken Short Stories / American Experience Storybook era)
Paul Revere	Wilbur F. Gordy	early 20th c.	Challenge B	https://classicalconversations.com/?p=10104	CC official 117 Must-Read list; short story/biography (Words Aptly Spoken Short Stories / American Experience Storybook era)
Theodore Roosevelt	Hermann Hagedorn	early 20th c.	Challenge B	https://classicalconversations.com/?p=10104	CC official 117 Must-Read list; short story/biography (Words Aptly Spoken Short Stories / American Experience Storybook era)
The Federalist No. 30	Alexander Hamilton	1787	Challenge I	https://classicalconversations.com/?p=10104	CC official 117 Must-Read list; American document (Words Aptly Spoken: American Documents)
Susan B. Anthony	Ida Husted Harper	c.1900s	Challenge B	https://classicalconversations.com/?p=10104	CC official 117 Must-Read list; short story/biography (Words Aptly Spoken Short Stories / American Experience Storybook era)
Daniel Boone	F. L. Hawks	c.1840s	Challenge B	https://classicalconversations.com/?p=10104	CC official 117 Must-Read list; short story/biography (Words Aptly Spoken Short Stories / American Experience Storybook era)
Helen Keller	Helen Keller	early 20th c.	Challenge B	https://classicalconversations.com/?p=10104	CC official 117 Must-Read list; short story/biography (Words Aptly Spoken Short Stories / American Experience Storybook era)
If	Rudyard Kipling	1910	Challenge I	https://classicalconversations.com/?p=10104	CC official 117 Must-Read list
Gettysburg Address	Abraham Lincoln	1863	Challenge I	https://classicalconversations.com/?p=10104	CC official 117 Must-Read list; American document (Words Aptly Spoken: American Documents)
The Song of Hiawatha	Henry Wadsworth Longfellow	1855	Challenge I	https://classicalconversations.com/?p=10104	CC official 117 Must-Read list
The United States Constitution	James Madison and various	1787	Challenge I	https://classicalconversations.com/?p=10104	CC official 117 Must-Read list; American document (Words Aptly Spoken: American Documents)
The Marshall Plan	George C. Marshall	1947	Challenge I	https://classicalconversations.com/?p=10104	CC official 117 Must-Read list; American document (Words Aptly Spoken: American Documents); modern
Essays to Do Good (excerpt)	Cotton Mather	1710	Challenge I	https://classicalconversations.com/?p=10104	CC official 117 Must-Read list; American document (Words Aptly Spoken: American Documents)
The American Language (excerpt)	H. L. Mencken	1919	Challenge I	https://classicalconversations.com/?p=10104	CC official 117 Must-Read list; American document (Words Aptly Spoken: American Documents); modern
The Pit and the Pendulum	Edgar Allan Poe	1842	Challenge I	https://classicalconversations.com/?p=10104	CC official 117 Must-Read list
Panama	James Roche	early 20th c.	Challenge I	https://classicalconversations.com/?p=10104	CC official 117 Must-Read list; American document (Words Aptly Spoken: American Documents)
The Men of the Maine	Clinton Scollard	1898	Challenge I	https://classicalconversations.com/?p=10104	CC official 117 Must-Read list
The Bronze Bow	Elizabeth George Speare	1961	Challenge B	https://classicalconversations.com/?p=10104	CC official 117 Must-Read list; list tags B, current store bundle has it in A
Seneca Falls Declaration of Sentiments	Elizabeth Cady Stanton	1848	Challenge I	https://classicalconversations.com/?p=10104	CC official 117 Must-Read list; American document (Words Aptly Spoken: American Documents)
Dred Scott v. Sandford	Roger B. Taney	1857	Challenge I	https://classicalconversations.com/?p=10104	CC official 117 Must-Read list; American document (Words Aptly Spoken: American Documents)
Little Girls Wiser Than Men	Leo Tolstoy	1885	Challenge B	https://classicalconversations.com/?p=10104	CC official 117 Must-Read list; short story/biography (Words Aptly Spoken Short Stories / American Experience Storybook era)
The Mansion	Henry van Dyke	1911	Challenge B	https://classicalconversations.com/?p=10104	CC official 117 Must-Read list; short story/biography (Words Aptly Spoken Short Stories / American Experience Storybook era)
Brown v. Board of Education of Topeka	Earl Warren	1954	Challenge I	https://classicalconversations.com/?p=10104	CC official 117 Must-Read list; American document (Words Aptly Spoken: American Documents); modern
First Inaugural Address	George Washington	1789	Challenge I	https://classicalconversations.com/?p=10104	CC official 117 Must-Read list; American document (Words Aptly Spoken: American Documents)
The Method of Grace	George Whitefield	c.1740	Challenge I	https://classicalconversations.com/?p=10104	CC official 117 Must-Read list; American document (Words Aptly Spoken: American Documents)
The Selfish Giant	Oscar Wilde	1888	Challenge B	https://classicalconversations.com/?p=10104	CC official 117 Must-Read list; short story/biography (Words Aptly Spoken Short Stories / American Experience Storybook era)
The War Message	Woodrow Wilson	1917	Challenge I	https://classicalconversations.com/?p=10104	CC official 117 Must-Read list; American document (Words Aptly Spoken: American Documents); modern
A Model of Christian Charity (excerpt)	John Winthrop	1630	Challenge I	https://classicalconversations.com/?p=10104	CC official 117 Must-Read list; American document (Words Aptly Spoken: American Documents)
The Declaration of Independence	Thomas Jefferson and various	1776	Challenge I	https://classicalconversations.com/?p=10104	CC official 117 Must-Read list; American document (Words Aptly Spoken: American Documents)
Liberty or Death	Patrick Henry	1775	Challenge I	https://classicalconversations.com/?p=10104	CC official 117 Must-Read list; American document (Words Aptly Spoken: American Documents)
The Ransom of Red Chief	O. Henry	1907	Challenge I	https://classicalconversations.com/?p=10104	CC official 117 Must-Read list
The Psalms	King David and various	c.1000-500 BC	Challenge IV	https://classicalconversations.com/?p=10104	CC official 117 Must-Read list
Meno	Plato	c.385 BC	Challenge II	https://classicalconversations.com/?p=10104	CC official 117 Must-Read list; 2016 CC blog put Meno in Challenge III
The Taming of the Shrew	William Shakespeare	c.1590-92	Challenge I	https://classicalconversations.com/?p=10104	CC official 117 Must-Read list; also covered in Ch III Brightest Heaven of Invention
Beowulf	Anonymous	c.700-1000	Challenge II	https://classicalconversations.com/?p=10104	CC official 117 Must-Read list
Sir Gawain and the Green Knight	Anonymous	c.1375-1400	Challenge II	https://classicalconversations.com/?p=10104	CC official 117 Must-Read list
The Canterbury Tales	Geoffrey Chaucer	c.1387-1400	Challenge II	https://classicalconversations.com/?p=10104	CC official 117 Must-Read list
Paradise Lost	John Milton	1667	Challenge II	https://classicalconversations.com/?p=10104	CC official 117 Must-Read list
The Iliad	Homer	c.750 BC	Challenge IV	https://classicalconversations.com/?p=10104	CC official 117 Must-Read list
The Odyssey	Homer	c.725 BC	Challenge IV	https://classicalconversations.com/?p=10104	CC official 117 Must-Read list
Theogony	Hesiod	c.700 BC	Challenge IV	https://classicalconversations.com/?p=10104	CC official 117 Must-Read list
The Aeneid	Virgil	c.19 BC	Challenge IV	https://classicalconversations.com/?p=10104	CC official 117 Must-Read list
Julius Caesar	William Shakespeare	1599	Challenge III	https://classicalconversations.com/?p=10104	CC official 117 Must-Read list
Hamlet	William Shakespeare	c.1600	Challenge III	https://classicalconversations.com/?p=10104	CC official 117 Must-Read list
Much Ado About Nothing	William Shakespeare	c.1598-99	Challenge III	https://classicalconversations.com/?p=10104	CC official 117 Must-Read list
Henry V	William Shakespeare	1599	Challenge III	https://classicalconversations.com/?p=10104	CC official 117 Must-Read list
Macbeth	William Shakespeare	c.1606	Challenge III	https://classicalconversations.com/?p=10104	CC official 117 Must-Read list
Gorgias	Plato	c.380 BC	Challenge II	https://classicalconversations.com/blog/plato-joins-classical-conversations/	CC blog 2016; not in current bundle
Meno	Plato	c.385 BC	Challenge III	https://classicalconversations.com/blog/plato-joins-classical-conversations/	CC blog 2016
The Consequences of Ideas	R. C. Sproul	2000	Challenge III	https://classicalconversations.com/blog/challenge-iii/	modern; CC blog 2024 (theme book)
Orations (Latin, via Henle Third Year Latin)	Marcus Tullius Cicero	63-62 BC	Challenge III	https://classicalconversations.com/blog/challenge-iii/	read in Latin, Grammar strand; specific orations not named
Writings of Julius Caesar (Latin, via Henle)	Julius Caesar	c.50 BC	Challenge III	https://classicalconversations.com/blog/challenge-iii/	read in Latin, Grammar strand; work not named on page
Caesar (Latin, via Henle Second Year Latin)	Julius Caesar	c.50 BC	Challenge II	https://classicalconversations.com/?p=6392	Grammar strand; page names Caesar, not a specific work
Beowulf	Anonymous	c.700-1000	Challenge II	https://classicalconversations.com/?p=6392	CC Challenge II program page
The Aeneid (in Latin)	Virgil	c.19 BC	Challenge IV	https://classicalconversations.com/?p=559	second semester, Latin original (Henle Fourth Year)
Latin Vulgate Bible (excerpts)	Jerome	c.405	Challenge IV	https://classicalconversations.com/?p=559	Grammar strand
