title	author	orig_date	list	level_or_course	evidence_url	note
The Tale of Peter Rabbit	Beatrix Potter	1902	memoria-press	Gr 2 literature (Tales from Beatrix Potter)	https://www.memoriapress.com/curriculum/classical-core-curriculum/second-grade-curriculum/	
The Tale of Benjamin Bunny	Beatrix Potter	1904	memoria-press	Gr 2 literature (Tales from Beatrix Potter)	https://www.memoriapress.com/curriculum/classical-core-curriculum/second-grade-curriculum/	
The Tale of Johnny Town-Mouse	Beatrix Potter	1918	memoria-press	Gr 2 literature (Tales from Beatrix Potter)	https://www.memoriapress.com/curriculum/classical-core-curriculum/second-grade-curriculum/	
Stories of Great Americans for Little Americans	Edward Eggleston	1895	memoria-press	Gr 2 curriculum set	https://www.memoriapress.com/curriculum/classical-core-curriculum/second-grade-curriculum/	
Little House in the Big Woods	Laura Ingalls Wilder	1932	memoria-press	Gr 2 literature	https://www.memoriapress.com/curriculum/classical-core-curriculum/second-grade-curriculum/	modern
The Courage of Sarah Noble	Alice Dalgliesh	1954	memoria-press	Gr 2 literature	https://www.memoriapress.com/curriculum/classical-core-curriculum/second-grade-curriculum/	modern
Prairie School	Lois Lenski	1951	memoria-press	Gr 2 literature	https://www.memoriapress.com/curriculum/classical-core-curriculum/second-grade-curriculum/	modern
Farmer Boy	Laura Ingalls Wilder	1933	memoria-press	Gr 3 literature; MA 3rd Grade Literature; HLS Lit A	https://www.memoriapress.com/curriculum/classical-core-curriculum/third-grade-curriculum/	modern
Charlotte's Web	E. B. White	1952	memoria-press	Gr 3 literature; MA 3rd Grade Literature; HLS Lit A	https://www.memoriapress.com/curriculum/classical-core-curriculum/third-grade-curriculum/	modern
The Moffats	Eleanor Estes	1941	memoria-press	Gr 3 literature; MA 3rd Grade Literature	https://www.memoriapress.com/curriculum/classical-core-curriculum/third-grade-curriculum/	modern
Mr. Popper's Penguins	Richard and Florence Atwater	1938	memoria-press	Gr 3 literature option; Gr 3 read-aloud	https://www.memoriapress.com/curriculum/literature-and-poetry/third/mr-poppers-penguins-set/	modern
A Bear Called Paddington	Michael Bond	1958	memoria-press	Lit guide (grade 3 shelf); HLS Lit A	https://www.memoriapress.com/curriculum/literature-and-poetry/third/a-bear-called-paddington-set/	modern
Poetry for the Grammar Stage (anthology)	Memoria Press (ed.)		memoria-press	Gr 3-7 poetry; MA 3rd Grade Literature; HLS Lit A-D	https://www.memoriaacademy.com/third-grade-literature/	anthology of classic poems; contents not itemized
The Blue Fairy Book	Andrew Lang (ed.)	1889	memoria-press	Gr 4 literature (Selections, 2nd ed.); MA 4th Grade Literature; HLS Lit B	https://www.memoriapress.com/curriculum/classical-core-curriculum/fourth-grade-curriculum/	selections
Winnie-the-Pooh	A. A. Milne	1926	memoria-press	Gr 4 literature; MA 4th Grade Literature	https://www.memoriapress.com/curriculum/classical-core-curriculum/fourth-grade-curriculum/	
Dangerous Journey: The Story of Pilgrim's Progress	Oliver Hunkin (adapting John Bunyan, 1678)	1985	memoria-press	Gr 4 literature; MA 4th Grade Literature	https://www.memoriapress.com/curriculum/classical-core-curriculum/fourth-grade-curriculum/	modern adaptation of The Pilgrim's Progress
Homer Price	Robert McCloskey	1943	memoria-press	Gr 4 literature; MA 4th Grade Literature	https://www.memoriapress.com/curriculum/classical-core-curriculum/fourth-grade-curriculum/	modern
Heidi	Johanna Spyri	1881	memoria-press	Gr 5 literature; MA 5th Grade Literature; HLS Lit B	https://www.memoriapress.com/curriculum/classical-core-curriculum/fifth-grade-curriculum/	trans. Eileen Hall (Puffin) per product page
Famous Men of Rome	John H. Haaren & A. B. Poland	1904	memoria-press	Gr 5 classical studies; MA Famous Men of Rome; HLS	https://www.memoriapress.com/curriculum/classical-core-curriculum/fifth-grade-curriculum/	MP edited edition
Lassie Come-Home	Eric Knight	1940	memoria-press	Gr 5 literature; MA 5th Grade Literature	https://www.memoriapress.com/curriculum/classical-core-curriculum/fifth-grade-curriculum/	modern
The Lion, the Witch and the Wardrobe	C. S. Lewis	1950	memoria-press	Gr 5 literature; MA 5th Grade Literature; HLS Lit B	https://www.memoriapress.com/curriculum/classical-core-curriculum/fifth-grade-curriculum/	modern
Famous Men of the Middle Ages	John H. Haaren & A. B. Poland	1904	memoria-press	Gr 6 classical studies; MA Famous Men of the Middle Ages; HLS	https://www.memoriapress.com/curriculum/classical-core-curriculum/sixth-grade-curriculum/	MP edited edition
The Adventures of Robin Hood	(retelling; author not shown on page)		memoria-press	Gr 6 literature; MA 6th Grade Literature; HLS Lit C	https://www.memoriapress.com/curriculum/classical-core-curriculum/sixth-grade-curriculum/	modern retelling
King Arthur and His Knights of the Round Table	(retelling; author not shown on page)		memoria-press	Gr 6 literature; MA 6th Grade Literature; HLS Lit C	https://www.memoriaacademy.com/sixth-grade-literature/	modern retelling
Adam of the Road	Elizabeth Janet Gray	1942	memoria-press	Gr 6 literature; MA 6th Grade Literature	https://www.memoriapress.com/curriculum/classical-core-curriculum/sixth-grade-curriculum/	modern
The Door in the Wall	Marguerite de Angeli	1949	memoria-press	Gr 6 literature; MA 6th Grade Literature	https://www.memoriapress.com/curriculum/classical-core-curriculum/sixth-grade-curriculum/	modern
Anne of Green Gables	L. M. Montgomery	1908	memoria-press	Gr 7 literature; MA 7th Grade Literature; HLS Lit D	https://www.memoriapress.com/curriculum/classical-core-curriculum/seventh-grade-curriculum/	
Famous Men of Greece	John H. Haaren & A. B. Poland	1904	memoria-press	Gr 7 classical studies; MA Famous Men of Greece; HLS	https://www.memoriapress.com/curriculum/classical-core-curriculum/seventh-grade-curriculum/	MP edited edition
Horatius at the Bridge (Lays of Ancient Rome)	Thomas Babington Macaulay	1842	memoria-press	Gr 7 classical studies (recitation); MA Famous Men of Greece	https://www.memoriapress.com/curriculum/classical-core-curriculum/seventh-grade-curriculum/	
The Story of the Thirteen Colonies & the Great Republic	H. A. Guerber	1898	memoria-press	Gr 7 American history	https://www.memoriapress.com/curriculum/classical-core-curriculum/seventh-grade-curriculum/	history text; MP edited edition
The Trojan War	Olivia Coolidge	1952	memoria-press	Gr 7 literature; MA 7th Grade Literature; HLS Lit D	https://www.memoriapress.com/curriculum/classical-core-curriculum/seventh-grade-curriculum/	modern retelling
The Bronze Bow	Elizabeth George Speare	1961	memoria-press	Gr 7 literature; MA 7th Grade Literature	https://www.memoriapress.com/curriculum/classical-core-curriculum/seventh-grade-curriculum/	modern
The Hobbit	J. R. R. Tolkien	1937	memoria-press	Gr 7 literature; MA 7th Grade Literature; MA Senior Seminar	https://www.memoriapress.com/curriculum/classical-core-curriculum/seventh-grade-curriculum/	modern
Treasure Island	Robert Louis Stevenson	1883	memoria-press	Gr 8 literature; MA 8th Grade Literature; HLS Lit E	https://www.memoriapress.com/curriculum/classical-core-curriculum/eighth-grade-curriculum/	
The Wind in the Willows	Kenneth Grahame	1908	memoria-press	Gr 8 literature; MA 8th Grade Literature; HLS Lit E	https://www.memoriapress.com/curriculum/classical-core-curriculum/eighth-grade-curriculum/	
Julius Caesar	William Shakespeare	1599	memoria-press	Gr 8 literature; MA 8th Grade Literature	https://www.memoriapress.com/curriculum/classical-core-curriculum/eighth-grade-curriculum/	
The Iliad	Homer	c. 8th c. BC	memoria-press	Gr 8 classical studies; MA Classical Studies I; HLS	https://www.memoriapress.com/curriculum/classical-core-curriculum/eighth-grade-curriculum/	trans. Samuel Butler (prose)
The Odyssey	Homer	c. 8th c. BC	memoria-press	Gr 8 classical studies; MA Classical Studies I; HLS	https://www.memoriapress.com/curriculum/classical-core-curriculum/eighth-grade-curriculum/	trans. Samuel Butler (prose)
The Book of the Ancient World	Dorothy Mills	1923	memoria-press	Gr 8 classical studies	https://www.memoriapress.com/curriculum/classical-core-curriculum/eighth-grade-curriculum/	MP edited edition
The Book of the Ancient Greeks	Dorothy Mills	1925	memoria-press	MA Classical Studies I; HLS	https://www.memoriaacademy.com/classical-studies-i/	MP edited edition
The Adventures of Tom Sawyer	Mark Twain	1876	memoria-press	Alt Gr 8/9 literature (Vita Beata); HLS Lit E	https://www.memoriapress.com/curriculum/literature-and-poetry/vita-beata-eighth-grade-literature/	
As You Like It	William Shakespeare	1599	memoria-press	Alt Gr 8/9 literature (Vita Beata); HLS Lit E	https://www.memoriapress.com/curriculum/literature-and-poetry/vita-beata-eighth-grade-literature/	
Poetry & Short Stories for the Logic Stage (anthology)	Memoria Press (ed.)		memoria-press	Gr 8 literature (Vita Beata); MA 8th Grade Literature	https://www.memoriapress.com/curriculum/literature-and-poetry/vita-beata-eighth-grade-literature/	anthology; contents not itemized
Bard of Avon: The Story of William Shakespeare	Diane Stanley & Peter Vennema	1992	memoria-press	Gr 8 curriculum set	https://www.memoriapress.com/curriculum/classical-core-curriculum/eighth-grade-curriculum/	modern
Sir Gawain and the Green Knight	Anonymous (Pearl Poet)	late 14th c.	memoria-press	Gr 9 literature; MA 9th Grade Literature; HLS Lit F	https://www.memoriapress.com/curriculum/classical-core-curriculum/ninth-grade-curriculum/	trans. Brian Stone
A Midsummer Night's Dream	William Shakespeare	1595	memoria-press	Gr 9 literature; MA 9th Grade Literature; HLS Lit F	https://www.memoriapress.com/curriculum/classical-core-curriculum/ninth-grade-curriculum/	
The Hound of the Baskervilles	Arthur Conan Doyle	1902	memoria-press	Gr 9 literature; MA 9th Grade Literature; HLS Lit F	https://www.memoriapress.com/curriculum/classical-core-curriculum/ninth-grade-curriculum/	
The Aeneid	Virgil	c. 19 BC	memoria-press	Gr 9 classical studies; MA Classical Studies II; HLS	https://www.memoriapress.com/curriculum/classical-core-curriculum/ninth-grade-curriculum/	trans. David West (prose); Latin selections also in Gr 12 Latin
The Aeneid for Boys and Girls	Alfred J. Church	1908	memoria-press	Classical studies prep; MA Classical Studies II prerequisite	https://www.memoriaacademy.com/classical-studies-ii/	retelling
The Book of the Ancient Romans	Dorothy Mills	1927	memoria-press	Gr 9 classical studies; MA Classical Studies II; HLS	https://www.memoriapress.com/curriculum/classical-core-curriculum/ninth-grade-curriculum/	MP edited edition
The British Tradition I: Poetry, Prose & Drama from the Old English & Medieval Periods (anthology)	Memoria Press (ed.)		memoria-press	Gr 9 literature; MA 9th Grade Literature; HLS Lit F	https://www.memoriapress.com/curriculum/classical-core-curriculum/ninth-grade-curriculum/	anthology; contents not itemized
Beowulf the Warrior	Ian Serraillier (after Beowulf)	1954	memoria-press	Gr 9 literature; MA 9th Grade Literature; HLS Lit F	https://www.memoriapress.com/curriculum/classical-core-curriculum/ninth-grade-curriculum/	modern retelling of Beowulf
The Book of the Middle Ages	Dorothy Mills	1935	memoria-press	Gr 9 literature/history; HLS Lit F	https://www.memoriapress.com/curriculum/classical-core-curriculum/ninth-grade-curriculum/	modern
Little Women	Louisa May Alcott	1868	memoria-press	Alt Gr 8/9 literature (Vita Beata); Gr 6 read-aloud	https://www.memoriapress.com/curriculum/literature-and-poetry/alternate-eighth-ninth-grade-literature-with-poetry-for-vita-beata/	
Romeo and Juliet	William Shakespeare	1597	memoria-press	Gr 10 literature; MA 10th Grade Literature; HLS English I	https://www.memoriapress.com/curriculum/classical-core-curriculum/tenth-grade-curriculum/	
The Scarlet Letter	Nathaniel Hawthorne	1850	memoria-press	Gr 10 literature; MA 10th Grade Literature; HLS English I	https://www.memoriapress.com/curriculum/classical-core-curriculum/tenth-grade-curriculum/	
Macbeth	William Shakespeare	1606	memoria-press	Gr 10 literature; MA 10th Grade Literature; HLS English III	https://www.memoriapress.com/curriculum/classical-core-curriculum/tenth-grade-curriculum/	
Pride and Prejudice	Jane Austen	1813	memoria-press	Gr 10 literature; MA 10th Grade Literature; HLS English I	https://www.memoriapress.com/curriculum/classical-core-curriculum/tenth-grade-curriculum/	
The British Tradition II: Poetry & Prose from the Elizabethan to the Neoclassical Age (anthology)	Memoria Press (ed.)		memoria-press	Gr 10 literature; MA 10th Grade Literature; MA AP Literature; HLS English I	https://www.memoriapress.com/curriculum/classical-core-curriculum/tenth-grade-curriculum/	anthology; contents not itemized
The Oresteia (Agamemnon, Choephori, Eumenides)	Aeschylus	458 BC	memoria-press	Gr 10 classical studies; MA Classical Studies III; HLS	https://www.memoriapress.com/curriculum/classical-core-curriculum/tenth-grade-curriculum/	trans. Philip Vellacott
The Theban Plays (Oedipus the King, Oedipus at Colonus, Antigone)	Sophocles	5th c. BC	memoria-press	Gr 10 classical studies; MA Classical Studies III; HLS	https://www.memoriapress.com/curriculum/classical-core-curriculum/tenth-grade-curriculum/	trans. Robert Fagles
Medea and Other Plays	Euripides	5th c. BC	memoria-press	Gr 10 classical studies; MA Classical Studies III; HLS	https://www.memoriapress.com/curriculum/classical-core-curriculum/tenth-grade-curriculum/	trans. Philip Vellacott
Commentarii de Bello Gallico (selections)	Julius Caesar	c. 50 BC	memoria-press	Gr 10 Latin	https://www.memoriapress.com/curriculum/classical-core-curriculum/tenth-grade-curriculum/	Latin text, selections
The History of the Church (Ecclesiastical History)	Eusebius	c. 325	memoria-press	Gr 10 Christian studies	https://www.memoriapress.com/curriculum/classical-core-curriculum/tenth-grade-curriculum/	trans. G. A. Williamson
The Divine Comedy	Dante Alighieri	1320	memoria-press	Gr 11 literature; MA 11th Grade The Divine Comedy; HLS English II	https://www.memoriapress.com/curriculum/classical-core-curriculum/eleventh-grade-curriculum-set/	trans. John Ciardi
On Obligations (De Officiis)	Cicero	44 BC	memoria-press	Gr 11 classical studies; MA Classical Studies IV; HLS	https://www.memoriapress.com/curriculum/classical-core-curriculum/eleventh-grade-curriculum-set/	trans. P. G. Walsh
The Republic and The Laws	Cicero	c. 51 BC	memoria-press	Gr 11 classical studies; MA Classical Studies IV; HLS	https://www.memoriapress.com/curriculum/classical-core-curriculum/eleventh-grade-curriculum-set/	trans. Niall Rudd
City of God	Augustine of Hippo	426	memoria-press	Gr 11 Christian studies; MA Classical Studies IV; HLS	https://www.memoriapress.com/curriculum/classical-core-curriculum/eleventh-grade-curriculum-set/	abridged
Wuthering Heights	Emily Bronte	1847	memoria-press	Alt Gr 10/11 literature (Vita Beata)	https://www.memoriapress.com/curriculum/literature-and-poetry/vita-beata-tenth-eleventh-grade-literature/	
Hamlet	William Shakespeare	1600	memoria-press	Gr 12 literature; alt Gr 10/11; MA AP Literature; HLS English III	https://www.memoriapress.com/curriculum/classical-core-curriculum/twelfth-grade-curriculum-set/	
The Great Gatsby	F. Scott Fitzgerald	1925	memoria-press	Alt Gr 10/11 literature (Vita Beata); MA The Novel	https://www.memoriapress.com/curriculum/literature-and-poetry/vita-beata-tenth-eleventh-grade-literature/	
The British Tradition III: Poetry from the Romantic to the Victorian Age (anthology)	Memoria Press (ed.)		memoria-press	Gr 12 literature; MA AP Literature; HLS English III	https://www.memoriapress.com/curriculum/classical-core-curriculum/twelfth-grade-curriculum-set/	anthology; contents not itemized
To Kill a Mockingbird	Harper Lee	1960	memoria-press	Alt Gr 10/11 literature (Vita Beata); MA The Novel	https://www.memoriapress.com/curriculum/literature-and-poetry/vita-beata-tenth-eleventh-grade-literature/	modern
A Tale of Two Cities	Charles Dickens	1859	memoria-press	Gr 12 literature; MA 12th Grade Literature; HLS English III	https://www.memoriapress.com/curriculum/classical-core-curriculum/twelfth-grade-curriculum-set/	
King Lear	William Shakespeare	1606	memoria-press	Gr 12 literature	https://www.memoriapress.com/curriculum/classical-core-curriculum/twelfth-grade-curriculum-set/	
Anna Karenina	Leo Tolstoy	1878	memoria-press	Gr 12 literature; MA 12th Grade Literature; HLS English III	https://www.memoriapress.com/curriculum/classical-core-curriculum/twelfth-grade-curriculum-set/	trans. Richard Pevear & Larissa Volokhonsky
The Last Days of Socrates (Euthyphro, Apology, Crito, Phaedo)	Plato	4th c. BC	memoria-press	Gr 12 classical studies/philosophy	https://www.memoriapress.com/curriculum/classical-core-curriculum/twelfth-grade-curriculum-set/	trans. Christopher Rowe
The Nature of the Gods	Cicero	45 BC	memoria-press	Gr 12 classical studies/philosophy	https://www.memoriapress.com/curriculum/classical-core-curriculum/twelfth-grade-curriculum-set/	1997 Clarendon text (translator name truncated on page)
The Consolation of Philosophy	Boethius	523	memoria-press	Gr 12 philosophy; MA Classical Studies V	https://www.memoriapress.com/curriculum/classical-core-curriculum/twelfth-grade-curriculum-set/	
Letters (20 selected)	Pliny the Younger	c. 100	memoria-press	Gr 12 Latin	https://www.memoriapress.com/curriculum/classical-core-curriculum/twelfth-grade-curriculum-set/	Latin text, selections
Orthodoxy	G. K. Chesterton	1908	memoria-press	Gr 12 Christian studies	https://www.memoriapress.com/curriculum/classical-core-curriculum/twelfth-grade-curriculum-set/	
A Shorter Summa	Peter Kreeft (abridging Thomas Aquinas)	1993	memoria-press	Gr 12 philosophy	https://www.memoriapress.com/curriculum/classical-core-curriculum/twelfth-grade-curriculum-set/	modern abridgment of Summa Theologiae
Mere Christianity	C. S. Lewis	1952	memoria-press	Gr 12 Christian studies	https://www.memoriapress.com/curriculum/classical-core-curriculum/twelfth-grade-curriculum-set/	modern
Henry IV, Part 1	William Shakespeare	1597	memoria-press	Literature guide set (upper school shelf)	https://www.memoriapress.com/curriculum/literature-and-poetry/henry-iv-part-1/	
Henry V	William Shakespeare	1599	memoria-press	Literature guide set (upper school shelf)	https://www.memoriapress.com/curriculum/literature-and-poetry/eighth/henry-v-set/	
The Merchant of Venice	William Shakespeare	1598	memoria-press	Literature guide set (upper school shelf)	https://www.memoriapress.com/curriculum/literature-and-poetry/merchant-of-venice/	
The Canterbury Tales (General Prologue, Pardoner's, Nun's Priest's, Franklin's Tales)	Geoffrey Chaucer	c. 1400	memoria-press	Literature guide set (upper school shelf)	https://www.memoriapress.com/curriculum/literature-and-poetry/the-canterbury-tales-the-general-prologue-three-tales-second-edition/	original Middle English, modernized spelling
Jane Eyre	Charlotte Bronte	1847	memoria-press	Literature guide set (upper school shelf)	https://www.memoriapress.com/curriculum/literature-and-poetry/jane-eyre/	
Great Expectations	Charles Dickens	1861	memoria-press	MA 12th Grade Literature	https://www.memoriaacademy.com/twelfth-grade-literature/	
Hard Times	Charles Dickens	1854	memoria-press	Literature catalog	https://www.memoriapress.com/curriculum/literature-and-poetry/hard-times-by-charles-dickens/	
Moby-Dick	Herman Melville	1851	memoria-press	Literature catalog	https://www.memoriapress.com/curriculum/literature-and-poetry/moby-dick/	
Robinson Crusoe	Daniel Defoe	1719	memoria-press	Literature catalog	https://www.memoriapress.com/curriculum/literature-and-poetry/robinson-crusoe/	
The Talisman	Walter Scott	1825	memoria-press	Literature guide (MP edition)	https://www.memoriapress.com/curriculum/literature-and-poetry/the-talisman-second-edition/	
The Man Who Was Thursday	G. K. Chesterton	1908	memoria-press	Literature catalog	https://www.memoriapress.com/curriculum/literature-and-poetry/the-man-who-was-thursday/	
The Story of Doctor Dolittle	Hugh Lofting	1920	memoria-press	Literature catalog	https://www.memoriapress.com/curriculum/literature-and-poetry/the-story-of-doctor-dolittle/	
Poems Every Child Should Know	Mary E. Burt (ed.)	1904	memoria-press	Literature catalog	https://www.memoriapress.com/curriculum/literature-and-poetry/poems-every-child-should-know/	anthology
Early Christian Writings (Apostolic Fathers)	Clement, Ignatius, Polycarp et al.	1st-2nd c.	memoria-press	Christian studies catalog	https://www.memoriapress.com/curriculum/christian-studies/early-christian-writings/	
The Wars of the Jews	Flavius Josephus	c. 75	memoria-press	Christian studies catalog	https://www.memoriapress.com/curriculum/christian-studies/wars-of-the-jews-text/	
Rhetoric	Aristotle	4th c. BC	memoria-press	Logic & rhetoric catalog	https://www.memoriapress.com/curriculum/logic-and-rhetoric/aristotles-rhetoric/	
Acts of the Apostles (KJV)	Bible	1611 (KJV)	memoria-press	Christian studies catalog	https://www.memoriapress.com/curriculum/christian-studies/acts-of-the-apostles-kjv-second/	King James Version
Stopping by Woods on a Snowy Evening	Robert Frost	1923	memoria-press	K read-aloud set	https://www.memoriapress.com/curriculum/read-alouds/kindergarten/	picture-book edition
The Little Fir Tree	Hans Christian Andersen	1844	memoria-press	K read-aloud set	https://www.memoriapress.com/curriculum/read-alouds/kindergarten/	picture-book edition
All Things Bright and Beautiful	Cecil Frances Alexander	1848	memoria-press	K read-aloud set	https://www.memoriapress.com/curriculum/read-alouds/kindergarten/	hymn, picture-book edition
Wynken, Blynken, and Nod	Eugene Field	1889	memoria-press	Gr 1 read-aloud set	https://www.memoriapress.com/curriculum/read-alouds/first-grade/	picture-book edition
The Owl and the Pussycat	Edward Lear	1871	memoria-press	Gr 1 read-aloud set	https://www.memoriapress.com/curriculum/read-alouds/first-grade/	picture-book edition
Millions of Cats	Wanda Gag	1928	memoria-press	Gr 1 read-aloud set	https://www.memoriapress.com/curriculum/read-alouds/first-grade/	
Cinderella	Charles Perrault	1697	memoria-press	Gr 2 read-aloud set	https://www.memoriapress.com/curriculum/read-alouds/second-grade/	picture-book edition
The Emperor's New Clothes	Hans Christian Andersen	1837	memoria-press	Gr 2 read-aloud set	https://www.memoriapress.com/curriculum/read-alouds/second-grade/	picture-book edition
The Velveteen Rabbit	Margery Williams	1922	memoria-press	Gr 2 read-aloud set	https://www.memoriapress.com/curriculum/read-alouds/second-grade/	
Paul Revere's Ride	Henry Wadsworth Longfellow	1860	memoria-press	Gr 2 read-aloud set	https://www.memoriapress.com/curriculum/read-alouds/second-grade/	picture-book edition
The Secret Garden	Frances Hodgson Burnett	1911	memoria-press	Gr 3 read-aloud novels	https://www.memoriapress.com/curriculum/read-alouds/third-grade-novels/	
Mary Poppins	P. L. Travers	1934	memoria-press	Gr 3 read-aloud novels	https://www.memoriapress.com/curriculum/read-alouds/third-grade-novels/	modern
Peter Pan (Peter and Wendy)	J. M. Barrie	1911	memoria-press	Gr 4 read-aloud set	https://www.memoriapress.com/curriculum/read-alouds/fourth-grade-read/	
The Story of the Treasure Seekers	E. Nesbit	1899	memoria-press	Gr 4 read-aloud set	https://www.memoriapress.com/curriculum/read-alouds/fourth-grade-read/	
Just So Stories	Rudyard Kipling	1902	memoria-press	Gr 4 read-aloud set	https://www.memoriapress.com/curriculum/read-alouds/fourth-grade-read/	
The Reluctant Dragon	Kenneth Grahame	1898	memoria-press	Gr 4 read-aloud set	https://www.memoriapress.com/curriculum/read-alouds/fourth-grade-read/	
Alice's Adventures in Wonderland	Lewis Carroll	1865	memoria-press	Gr 5 read-aloud set	https://www.memoriapress.com/curriculum/read-alouds/fifth-grade-read/	
A Christmas Carol	Charles Dickens	1843	memoria-press	Gr 5 read-aloud set; MA The Novel	https://www.memoriapress.com/curriculum/read-alouds/fifth-grade-read/	
The Prince and the Pauper	Mark Twain	1881	memoria-press	Gr 5 read-aloud set	https://www.memoriapress.com/curriculum/read-alouds/fifth-grade-read/	
Black Beauty	Anna Sewell	1877	memoria-press	Gr 5 read-aloud set	https://www.memoriapress.com/curriculum/read-alouds/fifth-grade-read/	
Little Lord Fauntleroy	Frances Hodgson Burnett	1886	memoria-press	Gr 5 read-aloud set	https://www.memoriapress.com/curriculum/read-alouds/fifth-grade-read/	
Tales from Shakespeare	Charles and Mary Lamb	1807	memoria-press	Gr 6 read-aloud set	https://www.memoriapress.com/curriculum/read-alouds/sixth-grade-readaloud-set/	
The Story of the Other Wise Man	Henry van Dyke	1895	memoria-press	Gr 6 read-aloud set; MA The Novel	https://www.memoriapress.com/curriculum/read-alouds/sixth-grade-readaloud-set/	
The Princess and the Goblin	George MacDonald	1872	memoria-press	Gr 6 read-aloud set	https://www.memoriapress.com/curriculum/read-alouds/sixth-grade-readaloud-set/	
Oliver Twist	Charles Dickens	1838	memoria-press	Gr 6 read-aloud set	https://www.memoriapress.com/curriculum/read-alouds/sixth-grade-readaloud-set/	
The Call of the Wild	Jack London	1903	memoria-press	MA The Novel	https://www.memoriaacademy.com/the-novel/	
Silas Marner	George Eliot	1861	memoria-press	MA The Novel	https://www.memoriaacademy.com/the-novel/	
Strange Case of Dr Jekyll and Mr Hyde	Robert Louis Stevenson	1886	memoria-press	MA The Novel	https://www.memoriaacademy.com/the-novel/	
The Bridge of San Luis Rey	Thornton Wilder	1927	memoria-press	MA The Novel	https://www.memoriaacademy.com/the-novel/	
All Quiet on the Western Front	Erich Maria Remarque	1929	memoria-press	MA The Novel	https://www.memoriaacademy.com/the-novel/	translator not named
The Pearl	John Steinbeck	1947	memoria-press	MA The Novel	https://www.memoriaacademy.com/the-novel/	modern
Goodbye, Mr. Chips	James Hilton	1934	memoria-press	MA The Novel	https://www.memoriaacademy.com/the-novel/	modern
Animal Farm	George Orwell	1945	memoria-press	MA The Novel	https://www.memoriaacademy.com/the-novel/	modern
Fahrenheit 451	Ray Bradbury	1953	memoria-press	MA The Novel	https://www.memoriaacademy.com/the-novel/	modern
Frankenstein	Mary Shelley	1818	memoria-press	MA AP Literature and Composition (summer reading)	https://www.memoriaacademy.com/ap-literature-composition/	
Bleak House	Charles Dickens	1853	memoria-press	MA AP Literature and Composition	https://www.memoriaacademy.com/ap-literature-composition/	
Persuasion	Jane Austen	1817	memoria-press	MA The Literature Forum (fall)	https://www.memoriaacademy.com/the-literature-forum/	
Hansel and Gretel	Brothers Grimm	1812	memoria-press	MA The Literature Forum (spring)	https://www.memoriaacademy.com/the-literature-forum/	
The Twelve Dancing Princesses	Brothers Grimm	1815	memoria-press	MA The Literature Forum (spring)	https://www.memoriaacademy.com/the-literature-forum/	
Rumpelstiltskin	Brothers Grimm	1812	memoria-press	MA The Literature Forum (spring)	https://www.memoriaacademy.com/the-literature-forum/	
King Thrushbeard	Brothers Grimm	1812	memoria-press	MA The Literature Forum (spring)	https://www.memoriaacademy.com/the-literature-forum/	
Tom Thumb	Brothers Grimm	1812	memoria-press	MA The Literature Forum (spring)	https://www.memoriaacademy.com/the-literature-forum/	
De Ordine (On Order)	Augustine of Hippo	386	memoria-press	MA The Classics Forum (fall)	https://www.memoriaacademy.com/the-classics-forum/	
De Quantitate Animae (On the Greatness of the Soul)	Augustine of Hippo	388	memoria-press	MA The Classics Forum (spring)	https://www.memoriaacademy.com/the-classics-forum/	
The Lord of the Rings	J. R. R. Tolkien	1954	memoria-press	MA Senior Seminar: Tolkien & Lewis	https://www.memoriaacademy.com/senior-seminar-tolkien-lewis/	modern
The Screwtape Letters	C. S. Lewis	1942	memoria-press	MA Senior Seminar: Tolkien & Lewis	https://www.memoriaacademy.com/senior-seminar-tolkien-lewis/	modern
D'Aulaires' Book of Greek Myths	Ingri & Edgar d'Aulaire	1962	memoria-press	MA D'Aulaires' Greek Myths; HLS	https://www.memoriaacademy.com/daulaires-greek-myths/	modern
The Iliad	Homer	c. 8th c. BC	circe	Apprenticeship Term A (2026-27); LTW I Adv/II & The Classical Epics; Great Books Bracket 2014	https://circeinstitute.org/apprenticeship/	LTW Epics course: trans. Richmond Lattimore
Gorgias	Plato	4th c. BC	circe	Apprenticeship Term A (2026-27); Great Ideas list (Fortune/Chance)	https://circeinstitute.org/apprenticeship/	
Hamlet	William Shakespeare	1600	circe	Apprenticeship Term A (2026-27); LTW II & Shakespeare; Great Ideas (Man)	https://circeinstitute.org/apprenticeship/	
The Odyssey	Homer	c. 8th c. BC	circe	Apprenticeship rotation; LTW I Adv/II & The Classical Epics; Great Ideas (Man, Prudence)	https://circeinstitute.org/apprenticeship/	LTW Epics course: trans. Robert Fagles
Meno	Plato	4th c. BC	circe	Apprenticeship rotation; 2026 CiRCE Summer Course	https://circeinstitute.org/apprenticeship/	
Julius Caesar	William Shakespeare	1599	circe	Apprenticeship rotation; LTW II & Shakespeare (older listing)	https://circeinstitute.org/apprenticeship/	
The Aeneid	Virgil	c. 19 BC	circe	Apprenticeship Term C (2025-26); LTW I Adv/II & The Classical Epics; Great Ideas (Man, Prudence)	https://circeinstitute.org/apprenticeship/	LTW Epics course: trans. Robert Fitzgerald
Phaedrus	Plato	4th c. BC	circe	Apprenticeship Term C (2025-26); Great Ideas list	https://circeinstitute.org/apprenticeship/	
The Tempest	William Shakespeare	1611	circe	Apprenticeship Term C (2025-26); LTW II & Shakespeare (Langan); 2026 Summer Course	https://circeinstitute.org/apprenticeship/	
Beowulf	Anonymous	c. 8th-11th c.	circe	LTW Level II & British Literature	https://circeinstitute.org/events/ltw-level-ii-british-literature/	
A Tale of Two Cities	Charles Dickens	1859	circe	LTW II & British Literature; LTW II & British Adventure and Mystery	https://circeinstitute.org/events/ltw-level-ii-british-literature/	
The Innocence/Wisdom of Father Brown (Father Brown stories)	G. K. Chesterton	1911-1935	circe	LTW II & British Literature; LTW II & British Adventure and Mystery	https://circeinstitute.org/events/ltw-level-ii-british-literature/	edition: 'Father Brown Short Stories' / 'Favorite Father Brown Stories'
Pride and Prejudice	Jane Austen	1813	circe	LTW Level II & British Literature	https://circeinstitute.org/events/ltw-level-ii-british-literature/	
Sir Gawain and the Green Knight	Anonymous	late 14th c.	circe	LTW Level II & British Literature	https://circeinstitute.org/events/ltw-level-ii-british-literature/	
The Canterbury Tales	Geoffrey Chaucer	c. 1400	circe	LTW II & British Literature; Great Ideas (Man)	https://circeinstitute.org/events/ltw-level-ii-british-literature/	
The Pilgrim's Progress	John Bunyan	1678	circe	LTW Level II & British Literature	https://circeinstitute.org/events/ltw-level-ii-british-literature/	
The Hobbit	J. R. R. Tolkien	1937	circe	LTW Level II & British Literature	https://circeinstitute.org/events/ltw-level-ii-british-literature/	modern
The Screwtape Letters	C. S. Lewis	1942	circe	LTW Level II & British Literature	https://circeinstitute.org/events/ltw-level-ii-british-literature/	modern
Robinson Crusoe	Daniel Defoe	1719	circe	LTW II & A Survey of British Adventure and Mystery	https://circeinstitute.org/events/ltw-level-ii-a-survey-of-british-adventure-and-mystery/	
A Christmas Carol	Charles Dickens	1843	circe	LTW II & A Survey of British Adventure and Mystery	https://circeinstitute.org/events/ltw-level-ii-a-survey-of-british-adventure-and-mystery/	
Gulliver's Travels	Jonathan Swift	1726	circe	LTW II & British Adventure and Mystery; Great Ideas (Man)	https://circeinstitute.org/events/ltw-level-ii-a-survey-of-british-adventure-and-mystery/	
The Hound of the Baskervilles	Arthur Conan Doyle	1902	circe	LTW II & A Survey of British Adventure and Mystery	https://circeinstitute.org/events/ltw-level-ii-a-survey-of-british-adventure-and-mystery/	
Tales from Shakespeare	Charles and Mary Lamb	1807	circe	LTW Level II & Shakespeare (older listing)	https://circeinstitute.org/events/ltw-level-ii-shakespeare-3/	
Much Ado About Nothing	William Shakespeare	1599	circe	LTW Level II & Shakespeare (older listing)	https://circeinstitute.org/events/ltw-level-ii-shakespeare-3/	Folger ed.
Macbeth	William Shakespeare	1606	circe	LTW Level II & Shakespeare (older listing)	https://circeinstitute.org/events/ltw-level-ii-shakespeare-3/	Folger ed.
Henry V	William Shakespeare	1599	circe	LTW Level II & Shakespeare (both listings)	https://circeinstitute.org/events/ltw-level-ii-shakespeare-3/	Folger ed.
Romeo and Juliet	William Shakespeare	1597	circe	LTW II & Shakespeare (Langan); 2022-23 apprenticeship Shakespeare block	https://www.circeinstitute.org/level-ii-shakespeare-april-langan-wednesdays-2pm-3pm-et	
A Midsummer Night's Dream	William Shakespeare	1595	circe	LTW II & Shakespeare (Langan); 2022-23 apprenticeship Shakespeare block	https://www.circeinstitute.org/level-ii-shakespeare-april-langan-wednesdays-2pm-3pm-et	
Parallel Lives (Roman Lives)	Plutarch	c. 100	circe	LTW Level II & Plutarch's Roman Lives	https://circeinstitute.org/events/ltw-level-ii-plutarchs-roman-lives/	Modern Library ed. (Dryden trans., rev. Clough), vols 1-2
The Call of the Wild	Jack London	1903	circe	LTW Level I Advanced & American Literature	https://circeinstitute.org/events/ltw-level-i-advanced-american-literature/	
The Red Badge of Courage	Stephen Crane	1895	circe	LTW Level I Advanced & American Literature	https://circeinstitute.org/events/ltw-level-i-advanced-american-literature/	
The Scarlet Letter	Nathaniel Hawthorne	1850	circe	LTW Level I Advanced & American Literature	https://circeinstitute.org/events/ltw-level-i-advanced-american-literature/	
Billy Budd	Herman Melville	1924	circe	LTW Level I Advanced & American Literature	https://circeinstitute.org/events/ltw-level-i-advanced-american-literature/	written c. 1891, publ. 1924
The Adventures of Tom Sawyer	Mark Twain	1876	circe	LTW Level I Advanced & American Literature	https://circeinstitute.org/events/ltw-level-i-advanced-american-literature/	
The Gift of the Magi	O. Henry	1905	circe	LTW Level I Advanced & American Literature	https://circeinstitute.org/events/ltw-level-i-advanced-american-literature/	
The Pit and the Pendulum	Edgar Allan Poe	1842	circe	LTW Level I Advanced & American Literature	https://circeinstitute.org/events/ltw-level-i-advanced-american-literature/	
Narrative of the Life of Frederick Douglass	Frederick Douglass	1845	circe	LTW Level I Advanced & American Literature	https://circeinstitute.org/events/ltw-level-i-advanced-american-literature/	
The Old Man and the Sea	Ernest Hemingway	1952	circe	LTW Level I Advanced & American Literature	https://circeinstitute.org/events/ltw-level-i-advanced-american-literature/	modern
The Glass Menagerie	Tennessee Williams	1944	circe	LTW Level I Advanced & American Literature	https://circeinstitute.org/events/ltw-level-i-advanced-american-literature/	modern
To Kill a Mockingbird	Harper Lee	1960	circe	LTW I Adv & American Literature; LTW I & Tour of America	https://circeinstitute.org/events/ltw-level-i-advanced-american-literature/	modern
My Antonia	Willa Cather	1918	circe	LTW Level I & Tour of America	https://circeinstitute.org/events/ltw-level-i-tour-of-america/	
Where the Red Fern Grows	Wilson Rawls	1961	circe	LTW Level I & Tour of America	https://circeinstitute.org/events/ltw-level-i-tour-of-america/	modern
A Day No Pigs Would Die	Robert Newton Peck	1972	circe	LTW Level I & Tour of America	https://circeinstitute.org/events/ltw-level-i-tour-of-america/	modern
The Secret Garden	Frances Hodgson Burnett	1911	circe	LTW Level I & Short Stories, Fairy Tales, and The Secret Garden	https://circeinstitute.org/events/ltw-level-i-short-stories-fairy-tales-and-the-secret-garden/	
The Light Princess	George MacDonald	1864	circe	LTW Level I & Short Stories, Fairy Tales, and The Secret Garden	https://circeinstitute.org/events/ltw-level-i-short-stories-fairy-tales-and-the-secret-garden/	
The 13 Clocks	James Thurber	1950	circe	LTW Level I & Short Stories, Fairy Tales, and The Secret Garden	https://circeinstitute.org/events/ltw-level-i-short-stories-fairy-tales-and-the-secret-garden/	modern
Grimm's Fairy Tales (Kinder- und Hausmarchen)	Jacob and Wilhelm Grimm	1812	circe	LTW 1B and Grimm's Fairy Tales	https://circeinstitute.org/product/ltw-1b-and-grimms-fairy-tales-spring-semester/	Barnes & Noble Classics ed.
Snow White	Brothers Grimm	1812	circe	Tales of Wonder Vol. I (CiRCE anthology; used in LTW & Tapestry)	https://circeinstitute.org/product/tales-of-wonder-volume-i/	
Little Red Riding Hood	Perrault / Grimm	1697	circe	Tales of Wonder Vol. I	https://circeinstitute.org/product/tales-of-wonder-volume-i/	
Rapunzel	Brothers Grimm	1812	circe	Tales of Wonder Vol. I	https://circeinstitute.org/product/tales-of-wonder-volume-i/	
Hansel and Gretel	Brothers Grimm	1812	circe	Tales of Wonder Vol. I	https://circeinstitute.org/product/tales-of-wonder-volume-i/	
The Little Mermaid	Hans Christian Andersen	1837	circe	Tales of Wonder Vol. I	https://circeinstitute.org/product/tales-of-wonder-volume-i/	
Rumpelstiltskin	Brothers Grimm	1812	circe	Tales of Wonder Vol. I	https://circeinstitute.org/product/tales-of-wonder-volume-i/	
Beauty and the Beast	Jeanne-Marie Leprince de Beaumont	1756	circe	Tales of Wonder Vol. I	https://circeinstitute.org/product/tales-of-wonder-volume-i/	
Cinderella	Charles Perrault	1697	circe	Tales of Wonder Vol. I	https://circeinstitute.org/product/tales-of-wonder-volume-i/	
Sleeping Beauty	Perrault / Grimm	1697	circe	Tales of Wonder Vol. II; LTW Level I & Fairy Tales	https://circeinstitute.org/product/tales-of-wonder-volume-ii/	
The Emperor's New Clothes	Hans Christian Andersen	1837	circe	Tales of Wonder Vol. II	https://circeinstitute.org/product/tales-of-wonder-volume-ii/	
The Princess and the Pea	Hans Christian Andersen	1835	circe	Tales of Wonder Vol. II	https://circeinstitute.org/product/tales-of-wonder-volume-ii/	
The Ugly Duckling	Hans Christian Andersen	1843	circe	Tales of Wonder Vol. II	https://circeinstitute.org/product/tales-of-wonder-volume-ii/	
Thumbelina	Hans Christian Andersen	1835	circe	Tales of Wonder Vol. II	https://circeinstitute.org/product/tales-of-wonder-volume-ii/	
The Three Little Pigs	Traditional (English)	1890	circe	Tales of Wonder Vol. II	https://circeinstitute.org/product/tales-of-wonder-volume-ii/	Jacobs' English Fairy Tales version date
The Golden Goose	Brothers Grimm	1812	circe	Tales of Wonder Vol. II	https://circeinstitute.org/product/tales-of-wonder-volume-ii/	
Jack and the Beanstalk	Traditional (English)	1807	circe	Tales of Wonder Vol. II	https://circeinstitute.org/product/tales-of-wonder-volume-ii/	
Le Morte d'Arthur (selected Arthurian legends)	Thomas Malory (tradition)	1485	circe	Legends of the Round Table (CiRCE anthology); LTW 1A; Tapestry Vol. 1	https://circeinstitute.org/product/legends-of-the-round-table/	source/adapter not stated on page
Aesop's Fables	Aesop	6th c. BC	circe	The Tapestry: Literature & Language Vol. 1	https://circeinstitute.org/product/the-tapestry-literature-language-vol-1-complete-set/	
Answer to a Child's Question	Samuel Taylor Coleridge	1802	circe	The Tapestry Vol. 1	https://circeinstitute.org/product/the-tapestry-literature-language-vol-1-complete-set/	
The Wind in the Willows	Kenneth Grahame	1908	circe	The Tapestry Vol. 1 (excerpts; recommended slow reading)	https://circeinstitute.org/product/the-tapestry-literature-language-vol-1-complete-set/	
Little House in the Big Woods	Laura Ingalls Wilder	1932	circe	The Tapestry Vol. 1 (excerpts)	https://circeinstitute.org/product/the-tapestry-literature-language-vol-1-complete-set/	modern
Just So Stories	Rudyard Kipling	1902	circe	The Tapestry Vol. 1 (selections)	https://circeinstitute.org/product/the-tapestry-literature-language-vol-1-complete-set/	
History of Animals	Aristotle	4th c. BC	circe	Atrium: The Great Ideas (Idea of Man)	https://circeinstitute.org/councell-atrium/	
Confessions	Augustine of Hippo	c. 400	circe	Atrium: The Great Ideas (Man); Great Books Bracket 2014	https://circeinstitute.org/councell-atrium/	
The Divine Comedy	Dante Alighieri	1320	circe	Atrium: The Great Ideas (several ideas, choose one canticle); Great Books Bracket 2014	https://circeinstitute.org/councell-atrium/	
The Advancement of Learning	Francis Bacon	1605	circe	Atrium: The Great Ideas (Man)	https://circeinstitute.org/councell-atrium/	
The Social Contract	Jean-Jacques Rousseau	1762	circe	Atrium: The Great Ideas (Man)	https://circeinstitute.org/councell-atrium/	
The Descent of Man	Charles Darwin	1871	circe	Atrium: The Great Ideas (Man)	https://circeinstitute.org/councell-atrium/	
Genesis	Bible		circe	Atrium: The Great Ideas (Man); Show Me the Glory (Pentateuch)	https://circeinstitute.org/councell-atrium/	
Proverbs	Bible		circe	Atrium: The Great Ideas (Prudence)	https://circeinstitute.org/councell-atrium/	
Ecclesiasticus (Sirach)	Apocrypha	c. 180 BC	circe	Atrium: The Great Ideas (Prudence)	https://circeinstitute.org/councell-atrium/	
Antigone	Sophocles	c. 441 BC	circe	Atrium: The Great Ideas (Prudence); Great Books Bracket 2014	https://circeinstitute.org/councell-atrium/	
The History of the Decline and Fall of the Roman Empire	Edward Gibbon	1776	circe	Atrium: The Great Ideas (Prudence)	https://circeinstitute.org/councell-atrium/	
The Prince	Niccolo Machiavelli	1532	circe	Atrium: The Great Ideas (Prudence)	https://circeinstitute.org/councell-atrium/	
Charmides	Plato	4th c. BC	circe	Atrium: The Great Ideas (Prudence; one of Charmides/Protagoras/Statesman)	https://circeinstitute.org/councell-atrium/	
Protagoras	Plato	4th c. BC	circe	Atrium: The Great Ideas (Prudence; alt.)	https://circeinstitute.org/councell-atrium/	
Statesman	Plato	4th c. BC	circe	Atrium: The Great Ideas (Prudence; alt.)	https://circeinstitute.org/councell-atrium/	
Nicomachean Ethics	Aristotle	4th c. BC	circe	Atrium: The Great Ideas (Prudence); Great Books Bracket 2014	https://circeinstitute.org/councell-atrium/	
Summa Theologica	Thomas Aquinas	1274	circe	Atrium: The Great Ideas (Prudence); Great Books Bracket 2014	https://circeinstitute.org/councell-atrium/	
The Republic	Plato	c. 375 BC	circe	Atrium: The Great Ideas (Temperance); Fortune/Chance list; Great Books Bracket 2014	https://circeinstitute.org/councell-atrium/	
Euthydemus	Plato	4th c. BC	circe	Atrium: The Great Ideas	https://circeinstitute.org/councell-atrium/	
On Christian Doctrine	Augustine of Hippo	397	circe	Atrium: The Great Ideas; Fortune/Chance list	https://circeinstitute.org/councell-atrium/	
The City of God	Augustine of Hippo	426	circe	Atrium: The Great Ideas (alt. to Confessions)	https://circeinstitute.org/councell-atrium/	
Meditations	Marcus Aurelius	c. 180	circe	Great Ideas list (Resources for Classroom version)	https://circeinstitute.org/resources-for-classroom/	
The Taming of the Shrew	William Shakespeare	1592	circe	Great Ideas list: Idea of Fortune/Chance (Resources for Classroom)	https://circeinstitute.org/resources-for-classroom/	
On the Nature of Things	Lucretius	c. 55 BC	circe	Great Ideas list: Idea of Fortune/Chance	https://circeinstitute.org/resources-for-classroom/	
Almagest	Ptolemy	c. 150	circe	Great Ideas list: Idea of Fortune/Chance	https://circeinstitute.org/resources-for-classroom/	
Rhetoric	Aristotle	4th c. BC	circe	Great Ideas list: Idea of Fortune/Chance	https://circeinstitute.org/resources-for-classroom/	
Critique of Pure Reason	Immanuel Kant	1781	circe	Great Ideas list (Resources for Classroom version)	https://circeinstitute.org/resources-for-classroom/	
Philosophy of Right	G. W. F. Hegel	1820	circe	Great Books seminar list (Resources for Classroom)	https://circeinstitute.org/resources-for-classroom/	
Coriolanus	William Shakespeare	1608	circe	Great Books seminar list (Resources for Classroom)	https://circeinstitute.org/resources-for-classroom/	
On the Incarnation	Athanasius	c. 318	circe	Great Books Bracket 2014 (Sweet 16)	https://circeinstitute.org/blog/blog-2014-great-books-bracket-elite-8/	
The Imitation of Christ	Thomas a Kempis	c. 1418	circe	Great Books Bracket 2014 (Sweet 16)	https://circeinstitute.org/blog/blog-2014-great-books-bracket-elite-8/	
The Rule of St. Benedict	Benedict of Nursia	c. 530	circe	Great Books Bracket 2014 (Sweet 16)	https://circeinstitute.org/blog/blog-2014-great-books-bracket-elite-8/	
Paradise Lost	John Milton	1667	circe	Great Books Bracket 2014 (Sweet 16, per search summary)	https://circeinstitute.org/blog/blog-2014-great-books-bracket-elite-8/	post-dates the bracket's stated 1621 cutoff; verify
Histories	Herodotus	c. 430 BC	circe	Great Books Bracket 2014 (Sweet 16)	https://circeinstitute.org/blog/blog-2014-great-books-bracket-elite-8/	
Gospel of John	Bible		circe	Atrium: Show Me the Glory (Andrew Kern)	https://circeinstitute.org/andrew-atrium/	
The Pentateuch (Genesis-Deuteronomy)	Bible		circe	Atrium: Show Me the Glory (Andrew Kern)	https://circeinstitute.org/andrew-atrium/	
Choruses from 'The Rock'	T. S. Eliot	1934	circe	Atrium: Show Me the Glory (Andrew Kern)	https://circeinstitute.org/andrew-atrium/	modern
The Wise Woman	George MacDonald	1875	circe	The Hearth book club 2026-27; 2025 Atrium (Rozelle)	https://circeinstitute.org/the-hearth/	
Norms and Nobility	David V. Hicks	1981	circe	Apprenticeship fixed text; Andrew Kern recommendation; 2026 Summer Course	https://circeinstitute.org/apprenticeship/	modern
The Abolition of Man	C. S. Lewis	1943	circe	Andrew Kern recommendation (talk, per forum report)	https://circeinstitute.org/blog/blog-12-books-classical-education-read-year/	modern; Kern rec. seen via secondary sources
Out of the Silent Planet / Perelandra / That Hideous Strength (Ransom Trilogy)	C. S. Lewis	1938-1945	circe	Atrium: How to Think Like a Medieval (Heidi White); LTW I & Ransom Trilogy	https://circeinstitute.org/how-to-think-like-a-medieval-atrium-course-2025/	modern
Men of Iron	Howard Pyle	1891	circe	Blog list: Books to Feed a Child's Soul (2011)	https://www.circeinstitute.org/2011/02/childrens-books-to-feed-the-moral-imagination	
Otto of the Silver Hand	Howard Pyle	1888	circe	Blog list: Books to Feed a Child's Soul (2011)	https://www.circeinstitute.org/2011/02/childrens-books-to-feed-the-moral-imagination	
The White Company	Arthur Conan Doyle	1891	circe	Blog list: Books to Feed a Child's Soul (2011)	https://www.circeinstitute.org/2011/02/childrens-books-to-feed-the-moral-imagination	
The Thirty-Nine Steps (Richard Hannay adventures)	John Buchan	1915	circe	Blog list: Books to Feed a Child's Soul (2011)	https://www.circeinstitute.org/2011/02/childrens-books-to-feed-the-moral-imagination	list names 'The Adventures of Richard Hannay'
The Railway Children	E. Nesbit	1906	circe	Blog lists: Books to Feed a Child's Soul (2011); Good Books for Great Readers (2012)	https://www.circeinstitute.org/2011/02/childrens-books-to-feed-the-moral-imagination	
Stalky & Co.	Rudyard Kipling	1899	circe	Blog list: Books to Feed a Child's Soul (2011)	https://www.circeinstitute.org/2011/02/childrens-books-to-feed-the-moral-imagination	
Penrod	Booth Tarkington	1914	circe	Blog list: Books to Feed a Child's Soul (2011)	https://www.circeinstitute.org/2011/02/childrens-books-to-feed-the-moral-imagination	
Scaramouche	Rafael Sabatini	1921	circe	Blog list: Books to Feed a Child's Soul (2011)	https://www.circeinstitute.org/2011/02/childrens-books-to-feed-the-moral-imagination	
Rolf and the Viking Bow	Allen French	1904	circe	Blog list: Books to Feed a Child's Soul (2011)	https://www.circeinstitute.org/2011/02/childrens-books-to-feed-the-moral-imagination	
Treasure Island	Robert Louis Stevenson	1883	circe	Blog list: Books to Feed a Child's Soul (named favorite)	https://www.circeinstitute.org/2011/02/childrens-books-to-feed-the-moral-imagination	
Swallows and Amazons	Arthur Ransome	1930	circe	Blog lists: Books to Feed a Child's Soul; Good Books for Great Readers	https://www.circeinstitute.org/2011/02/childrens-books-to-feed-the-moral-imagination	modern (1930)
Little Britches	Ralph Moody	1950	circe	Blog list: Books to Feed a Child's Soul (2011)	https://www.circeinstitute.org/2011/02/childrens-books-to-feed-the-moral-imagination	modern
The Black Fox of Lorne	Marguerite de Angeli	1956	circe	Blog list: Books to Feed a Child's Soul (2011)	https://www.circeinstitute.org/2011/02/childrens-books-to-feed-the-moral-imagination	modern
Madeleine Takes Command	Ethel C. Brill	1946	circe	Blog list: Books to Feed a Child's Soul (2011)	https://www.circeinstitute.org/2011/02/childrens-books-to-feed-the-moral-imagination	modern
The Marsh King	C. Walter Hodges	1967	circe	Blog list: Books to Feed a Child's Soul (2011)	https://www.circeinstitute.org/2011/02/childrens-books-to-feed-the-moral-imagination	modern
Lad: A Dog	Albert Payson Terhune	1919	circe	Blog list: Good Books for Great Readers (2012)	https://www.circeinstitute.org/2012/01/good-books-for-great-readers	
Freckles	Gene Stratton-Porter	1904	circe	Blog list: Good Books for Great Readers (2012)	https://www.circeinstitute.org/2012/01/good-books-for-great-readers	
Silver Chief, Dog of the North	Jack O'Brien	1933	circe	Blog list: Good Books for Great Readers (2012)	https://www.circeinstitute.org/2012/01/good-books-for-great-readers	modern
Caddie Woodlawn	Carol Ryrie Brink	1935	circe	Blog list: Good Books for Great Readers (2012)	https://www.circeinstitute.org/2012/01/good-books-for-great-readers	modern
The Black Stallion	Walter Farley	1941	circe	Blog list: Good Books for Great Readers (2012)	https://www.circeinstitute.org/2012/01/good-books-for-great-readers	modern
Big Red	Jim Kjelgaard	1945	circe	Blog list: Good Books for Great Readers (2012)	https://www.circeinstitute.org/2012/01/good-books-for-great-readers	modern
Gentle Ben	Walt Morey	1965	circe	Blog list: Good Books for Great Readers (2012)	https://www.circeinstitute.org/2012/01/good-books-for-great-readers	modern
