form,candidate_lemmas,reason,source,quote
abodest,abide | abode,more than one base fits: abode,R2-est,abodest = abide / abode + -est (see rules.R2-est)
afore,before,"one-word gloss: a near spelling, but Webster does not call it a variant","Webster 1913 ""afore""",Before.
alway,always,"one-word gloss: a near spelling, but Webster does not call it a variant","Webster 1913 ""alway""",Always.
arrogancy,arrogance,"one-word gloss: a near spelling, but Webster does not call it a variant","Webster 1913 ""arrogancy""",Arrogance.
barest,bare | bear,more than one base fits: bare,R2-est,barest = bare / bear + -est (see rules.R2-est)
basest,base,"base ""base"" is also an adjective and the form never appears near ""thou"" (could be a superlative)",R2-est,basest = base + -est (see rules.R2-est)
bee,be,"a modern word, and Webster 1828 does not give it as a plain inflection: search would drown in the modern sense","Webster 1913 ""bee""",p. p. of Be; -- used for been.
crossway,crossroad,"cross-reference, not a near spelling: may be a synonym","Webster 1913 ""crossway""",See Crossroad.
cumbrance,encumbrance,"one-word gloss: a near spelling, but Webster does not call it a variant","Webster 1913 ""cumbrance""",Encumbrance.
fattest,fat,"base ""fat"" is also an adjective and the form never appears near ""thou"" (could be a superlative)",R2-est,fattest = fat + -est (see rules.R2-est)
fellest,fall | fell,more than one base fits: fell,R2-est,fellest = fall / fell + -est (see rules.R2-est)
finest,fine,"base ""fine"" is also an adjective and the form never appears near ""thou"" (could be a superlative)",R2-est,finest = fine + -est (see rules.R2-est)
firstling,firstborn,"one-word gloss: a synonym, not an inflection","Webster 1913 ""firstling""",Firstborn.
fit,fight,"a modern word, and Webster 1828 does not give it as a plain inflection: search would drown in the modern sense","Webster 1913 ""fit""",imp. p. p. of Fight.
flow,fly,"a modern word, and Webster 1828 does not give it as a plain inflection: search would drown in the modern sense","Webster 1913 ""flow""","imp. sing. of Fly, v. i."
foundest,find | found,more than one base fits: found,R2-est,foundest = find / found + -est (see rules.R2-est)
fro,from,"one-word gloss: a near spelling, but Webster does not call it a variant","Webster 1913 ""fro""",From.
halt,hold,"a modern word, and Webster 1828 does not give it as a plain inflection: search would drown in the modern sense","Webster 1913 ""halt""","3d pers. sing. pres. of Hold, contraction for holdeth."
ho,who,"one-word gloss: a near spelling, but Webster does not call it a variant","Webster 1913 ""ho""",Who.
hot,hote,"a modern word, and Webster 1828 does not give it as a plain inflection: search would drown in the modern sense","Webster 1913 ""hot""",imp. p. p. of Hote.
kid,kythe,"a modern word, and Webster 1828 does not give it as a plain inflection: search would drown in the modern sense","Webster 1913 ""kid""",of Kythe.
lad,lead,"a modern word, and Webster 1828 does not give it as a plain inflection: search would drown in the modern sense","Webster 1913 ""lad""","p. p. of Lead, to guide."
lad,guide,"a modern word, and Webster 1828 does not give it as a plain inflection: search would drown in the modern sense","Webster 1913 ""lad""","p. p. of Lead, to guide."
layest,lay | lie,more than one base fits: lay,R2-est,layest = lay / lie + -est (see rules.R2-est)
low,laugh,"a modern word, and Webster 1828 does not give it as a plain inflection: search would drown in the modern sense","Webster 1913 ""low""",strong imp. of Laugh.
mad,made,"a modern word, and Webster 1828 does not give it as a plain inflection: search would drown in the modern sense","Webster 1913 ""mad""",p. p. of Made.
plough,plow,"cross-reference, not a near spelling: may be a synonym","Webster 1913 ""plough""",See Plow.
ravin,ravenous,"one-word gloss: a synonym, not an inflection","Webster 1913 ""ravin""",Ravenous.
reed,read,"a modern word, and Webster 1828 does not give it as a plain inflection: search would drown in the modern sense","Webster 1913 ""reed""",Red. (red is a form of read)
rentest,rend | rent,more than one base fits: rent,R2-est,rentest = rend / rent + -est (see rules.R2-est)
sawest,saw | see,more than one base fits: saw,R2-est,sawest = saw / see + -est (see rules.R2-est)
say,see,"a modern word, and Webster 1828 does not give it as a plain inflection: search would drown in the modern sense","Webster 1913 ""say""",Saw. (saw is a form of see)
seeth,seethe,"Webster says this; the regular eth ending says see, which the bridge uses","Webster 1913 ""seeth""",imp. of Seethe.
sith,time,"one-word gloss: a synonym, not an inflection","Webster 1913 ""sith""",Time.
slewest,slay | slew,more than one base fits: slew,R2-est,slewest = slay / slew + -est (see rules.R2-est)
slow,slay,"a modern word, and Webster 1828 does not give it as a plain inflection: search would drown in the modern sense","Webster 1913 ""slow""",Slew. (slew is a form of slay)
smallest,small,"base ""small"" is also an adjective and the form never appears near ""thou"" (could be a superlative)",R2-est,smallest = small + -est (see rules.R2-est)
span,spin,"a modern word, and Webster 1828 does not give it as a plain inflection: search would drown in the modern sense","Webster 1913 ""span""",imp. & p. p. of Spin.
stonest,stone,"base ""stone"" is also an adjective and the form never appears near ""thou"" (could be a superlative)",R2-est,stonest = stone + -est (see rules.R2-est)
straitest,strait,"base ""strait"" is also an adjective and the form never appears near ""thou"" (could be a superlative)",R2-est,straitest = strait + -est (see rules.R2-est)
stretchest,stretch,"base ""stretch"" is also an adjective and the form never appears near ""thou"" (could be a superlative)",R2-est,stretchest = stretch + -est (see rules.R2-est)
suretiship,suretyship,"one-word gloss: a near spelling, but Webster does not call it a variant","Webster 1913 ""suretiship""",Suretyship.
swollen,swell,"a modern word, and Webster 1828 does not give it as a plain inflection: search would drown in the modern sense","Webster 1913 ""swollen""",p. p. of Swell.
tetrarch,four,"one-word gloss: a synonym, not an inflection","Webster 1913 ""tetrarch""",Four.
trade,tread,"a modern word, and Webster 1828 does not give it as a plain inflection: search would drown in the modern sense","Webster 1913 ""trade""",imp. of Tread.
uncorruptible,incorruptible,"one-word gloss: a near spelling, but Webster does not call it a variant","Webster 1913 ""uncorruptible""",Incorruptible.
undone,undo,"a modern word, and Webster 1828 does not give it as a plain inflection: search would drown in the modern sense","Webster 1913 ""undone""",p. p. of Undo.
unperfect,imperfect,"one-word gloss: a near spelling, but Webster does not call it a variant","Webster 1913 ""unperfect""",Imperfect.
whilst,while,"one-word gloss: a near spelling, but Webster does not call it a variant","Webster 1913 ""whilst""",While.
whoso,whosoever,"one-word gloss: a synonym, not an inflection","Webster 1913 ""whoso""",Whosoever.
wrong,wring,"a modern word, and Webster 1828 does not give it as a plain inflection: search would drown in the modern sense","Webster 1913 ""wrong""",imp. of Wring. Wrung.
