form,decision,lemmas,reviewed_by,reviewed_on,evidence
abodest,bridge,abide,Adam,2026-10-01,"Judg 5:16 ""Why abodest thou among the sheepfolds"": abide, not abode"
afore,bridge,before,Adam,2026-10-01,"Ps 129:6 ""which withereth afore it groweth up""; Webster 1913: ""Before."""
alway,bridge,always,Adam,2026-10-01,"Ps 9:18 ""the needy shall not alway be forgotten""; Webster 1913: ""Always."""
arrogancy,bridge,arrogance,Adam,2026-10-01,"Prov 8:13 ""pride, and arrogancy""; Webster 1913: ""Arrogance."""
barest,bridge,bear,Adam,2026-10-01,"1 Kgs 2:26 ""thou barest the ark""; Isa 63:19; John 3:26 ""thou barest witness"": bear, not bare"
basest,keep-out,,Adam,2026-10-01,"Ezek 29:15 ""the basest of the kingdoms"": a superlative of base"
bee,keep-out,,Adam,2026-10-01,"KJV ""the bee"" (Isa 7:18) is the insect; Webster 1913's ""p. p. of Be"" sense never occurs"
crossway,keep-out,,Adam,2026-10-01,"a synonym of crossroad, not a spelling of it"
cumbrance,bridge,encumbrance,Adam,2026-10-01,"Deut 1:12 ""bear your cumbrance""; Webster 1913: ""Encumbrance."""
fattest,keep-out,,Adam,2026-10-01,"Ps 78:31 ""slew the fattest of them"": a superlative of fat, not a thou-verb"
fellest,bridge,fall,Adam,2026-10-01,"2 Sam 3:34 ""[so] fellest thou"": fall, not fell (cut down)"
finest,keep-out,,Adam,2026-10-01,"Ps 81:16 ""the finest of the wheat"": a superlative of fine, not a thou-verb"
firstling,keep-out,,Adam,2026-10-01,"firstling is the firstborn of an animal: a related word, not a spelling of firstborn"
fit,keep-out,,Adam,2026-10-01,"KJV ""a fit man"" (Lev 16:21): the adjective; the old ""past of fight"" sense never occurs"
flow,keep-out,,Adam,2026-10-01,"KJV ""shall flow away"" (Job 20:28): the verb flow, never the old ""past of fly"""
foundest,bridge,find,Adam,2026-10-01,"Neh 9:8 ""And foundest his heart faithful"": find, not found (establish)"
fro,keep-out,,Adam,2026-10-01,"every KJV use is ""to and fro""; bridging it to from would flood searches for from"
halt,keep-out,,Adam,2026-10-01,"KJV ""halt"" is lame/limping (Matt 18:8) or wavering (1 Kgs 18:21), never ""holdeth"""
ho,keep-out,,Adam,2026-10-01,"KJV ""Ho, such a one!"" (Ruth 4:1) is the interjection, not ""who"""
hot,keep-out,,Adam,2026-10-01,"KJV ""hot"" is the adjective (Exod 16:21), never Middle English ""hote"""
kid,keep-out,,Adam,2026-10-01,"KJV ""a kid of the goats"" (Gen 37:31) is the animal, never ""kythe"""
lad,keep-out,,Adam,2026-10-01,"KJV ""the lad"" (Gen 21:12) is a boy, never ""led"" or ""guided"""
layest,bridge,lay,Adam,2026-10-01,"Num 11:11 ""thou layest the burden""; 1 Sam 28:9 ""layest thou a snare"": lay (put), not lie"
low,keep-out,,Adam,2026-10-01,"KJV ""very low"" (Deut 28:43) is the adjective, never the old ""past of laugh"""
mad,keep-out,,Adam,2026-10-01,"KJV ""thou shalt be mad"" (Deut 28:34) is the adjective, never ""made"""
plough,bridge,plow,Adam,2026-10-01,"Luke 9:62 ""put his hand to the plough""; Webster 1913: ""See Plow."" (British spelling of the same word)"
ravin,keep-out,,Adam,2026-10-01,"ravin is a verb, ""to prey"" (Gen 49:27); Webster's gloss ""Ravenous"" is a different word"
reed,keep-out,,Adam,2026-10-01,"KJV ""a reed is shaken"" (1 Kgs 14:15) is the plant, never ""read"""
rentest,bridge,rend,Adam,2026-10-01,"Jer 4:30 ""thou rentest thy face"": rend (tear), not rent"
sawest,bridge,see,Adam,2026-10-01,"Ps 50:18 ""When thou sawest a thief"": past of see, not saw (cut)"
say,keep-out,,Adam,2026-10-01,"1,001 KJV uses of ""say"" are the verb say; bridging the 1913 ""Saw."" sense would flood every search for ""see"""
seeth,keep-out,,Adam,2026-10-01,"the bridge keeps seeth -> see (Gen 16:13 ""him that seeth me""); Webster 1913's ""imp. of Seethe"" reading is kept out"
sith,keep-out,,Adam,2026-10-01,"sith means ""since"" (Ezek 35:6 ""sith thou hast not hated blood""); Webster's gloss ""Time."" is the wrong sense"
slewest,bridge,slay,Adam,2026-10-01,"1 Sam 21:9 ""whom thou slewest"": slay, not slew (turn)"
slow,keep-out,,Adam,2026-10-01,"KJV ""slow of speech"" (Exod 4:10) is the adjective, never ""slew"""
smallest,keep-out,,Adam,2026-10-01,"1 Sam 9:21 ""the smallest of the tribes"": a superlative of small"
span,keep-out,,Adam,2026-10-01,"KJV ""a span"" (Exod 28:16) is the measure, never ""spun"""
stonest,bridge,stone,Adam,2026-10-01,"Matt 23:37; Luke 13:34 ""killest the prophets, and stonest them"": a thou-verb, not a superlative"
straitest,keep-out,,Adam,2026-10-01,"Acts 26:5 ""the most straitest sect"": a superlative of strait"
stretchest,bridge,stretch,Adam,2026-10-01,"Ps 104:2 ""who stretchest out the heavens"": a thou-verb, not a superlative"
suretiship,bridge,suretyship,Adam,2026-10-01,"Prov 11:15 ""he that hateth suretiship is sure""; Webster 1913: ""Suretyship."""
swollen,bridge-modern,swell,Adam,2026-10-01,"Acts 28:6 ""should have swollen""; Webster 1913: p. p. of Swell. A modern form, so archaic: false"
tetrarch,keep-out,,Adam,2026-10-01,"Webster's one-word gloss ""Four."" is not a mapping"
trade,keep-out,,Adam,2026-10-01,"KJV ""dwell and trade ye therein"" (Gen 34:10) is trade, never ""trod"""
uncorruptible,bridge,incorruptible,Adam,2026-10-01,"Rom 1:23 ""the uncorruptible God""; Webster 1913: ""Incorruptible."""
undone,bridge-modern,undo,Adam,2026-10-01,"Num 21:29 ""thou art undone""; Matt 23:23 ""leave the other undone""; Webster 1913: p. p. of Undo. Modern, archaic: false"
unperfect,bridge,imperfect,Adam,2026-10-01,"Ps 139:16 ""yet being unperfect""; Webster 1913: ""Imperfect."""
whilst,bridge,while,Adam,2026-10-01,"Ps 141:10 ""whilst that I withal escape""; Webster 1913: ""While."""
whoso,keep-out,,Adam,2026-10-01,"whosoever is archaic too, so the mapping would not reach modern English"
wrong,keep-out,,Adam,2026-10-01,"KJV ""My wrong [be] upon thee"" (Gen 16:5) is the noun wrong, never ""wrung"""
