bdb	headword	numbers
BDB9282	אזן	H239 H3976
BDB9284	אֶחָד	H259
BDB9285	ᵑ7	H259
BDB9286	אָח	H251
BDB9288	ᵐ5	H307
BDB9300	אֱלֹהַּ	H426 H433
BDB9312		H576
BDB9313	אֲנִי	H576 H589
BDB9319	אנשׁ	H582
BDB9321	אנשׁ	H802
BDB9325	ᵐ5	H620
BDB9327	אָסַר	H612 H631 H632
BDB9332	ᵐ5	H670
BDB9333		H671
BDB9334		H671
BDB9337	ארה	H717 H738
BDB9346		H756 H751
BDB9350	ᵐ5	H783
BDB9362		H896
BDB9391		H1250 H1305
BDB9395	ג	H1342
BDB9399	ᵑ7	H1396
BDB9413	גלל	H1556
BDB9430	ᵐ5	H1723
BDB9436	ᵐ5	H1757
BDB9445		H1841
BDB9446		H1784
BDB9457	זרע	H2220
BDB9489		H2148
BDB9496	ᵑ7	H2191
BDB9506	אחד	H2292
BDB9535		H2608
BDB9549		H2822
BDB9565		H2967
BDB9568	ᵑ7	H3026
BDB9575		H3062 H3064
BDB9577		H3136
BDB9578	יָחַם	H2534 H3179
BDB9598		H3462 H8142
BDB9609	כֹּר	H3734
BDB9610	כרר	H3566 H3567
BDB9617	כִּסֵּא	H3678
BDB9625		H3603 H3769
BDB9627	כַשְׂדִּים	H3779 H3778
BDB9633	לאך	H4397
BDB9656		H4332 H4333
BDB9657		H4335 H4336
BDB9661		H4427
BDB9665	ᵑ7	H4427
BDB9677	ᵑ7	H4576
BDB9747		H5665 H5664
BDB9759		H5830 H5831
BDB9760	יעט	H5838 H5839
BDB9763	עָלָה	H5927
BDB9774		H5962 H5867
BDB9783		H6031 H6035 H6041
BDB9785	ענז	H5795 H6049
BDB9790	ᵑ7	H6073
BDB9798	צָרַר	H6862
BDB9800	עשׂב	H6611 H6212
BDB9816	פסס	H6446
BDB9830	ᵑ7	H6601
BDB9852	ᵑ7	H6918
BDB9854	קול	H6963
BDB9860	ᵑ7	H7000
BDB9865		H7097
BDB9876	ר	H7200
BDB9879		H7227 H7231 H7239
BDB9885		H702 H7243
BDB9892		H7307 H7381
BDB9898		H7348
BDB9901		H7350 H7368
BDB9904	רעה	H7462
BDB9914	ᵑ7	H7717 H5707
BDB9936	שׁדשׁ	H8337
BDB9941		H7785
BDB9944	דהוא	H7801
BDB9948	שָׁכַב	H4904 H7901
BDB9953		H7951
BDB9968	שֹׁמְרוֺן	H8111 H8115
BDB9969	שׁמשׁ	H8121
BDB9972	שׁנן	H8124
BDB9975		H8127 H8150
BDB9985	ᵑ7	H8319
BDB9993	ᵐ5	H8370
BDB10007	ᵑ7	H8145 H8147
BDB10022	ᵐ5	H8674
