bdb	headword	numbers=Strong's lemma	kind
BDB27	אֲבִיחַ֫יִל	H32=אֲבִיהַיִל	related form
BDB170	אוֺדָה	H182=אוֹדוֹת	related form
BDB224	תְּאֻנִים	H8383=תְּאֻן	related form
BDB346	אֲחַשְׁדַּרְפְּנִים	H323=אֲחַשְׁדַּרְפַּן	cross-reference
BDB365	אֵיכָ֫כָה	H349=אֵיךְ	related form
BDB394	אִיתַי	H384=אִיתִיאֵל	cross-reference
BDB578	תַּאֲנִיָּה	H8396=תָּבוֹר	override: H8386
BDB617	אַתֶּם	H859=אַתָּה	cross-reference
BDB618	אַתֵּן	H859=אַתָּה	related form
BDB645	מֹסֵרוֺת	H4149=מוֹסֵרָה	related form
BDB671	אָפ֑וּנָה	H6323=פּוּן	word the entry names
BDB812	אַשּׁוּרִם	H805=אֲשׁוּרִי	related form
BDB841	אֲשֻׁרִים	H8391=תְּאַשּׁוּר	related form
BDB845	בַּאֲשֶׁר	H834=אֲשֶׁר	word the entry names
BDB846	מֵאֲשֶׁר	H834=אֲשֶׁר	word the entry names
BDB847	אשׁשׁ	H377=אִישׁ	related form
BDB893	בָּאַשׁ	H807=אַשִׁימָא	override: H887
BDB970	אֲבַעְבֻּעֹת	H76=אֲבַעְבֻּעָה	related form
BDB1007	בְּחוּרִים	H979=בְּחֻרוֹת	related form
BDB1015	בָּטָה	H981=בָּטָא	related form
BDB1025	אֲבַטִּחִים	H20=אֲבַטִּיחַ	related form
BDB1031	בָּטְנִים	H992=בֹּטֶן	related form
BDB1033	בָּיַי	H15=אָבֶה	cross-reference
BDB1038	בֵּית	H996=בֵּין	word the entry names
BDB1074	בֵּית מַרְכָּבוֺת	H1024=בֵּית הַמַּרְכָּבוֹת	compound name
BDB1100	בָּכוּת	H439=אַלּוֹן בָּכוּת	compound name
BDB1114	בִּכּוּרִים	H1061=בִּכּוּר	related form
BDB1167	בֶּןזֿוֺהֵת	H1132=בֶּן־זוֹחֵת	compound name
BDB1233	ֵבּלְאשַׁצַּר	H1112=בֵּלְשַׁאצַּר	related form
BDB1239	תַּבְעֵרָה	H8407=תִּגְלַת פִּלְאֶסֶר	override: H8404
BDB1258	בְּצַעֲנַנִּים	H6814=צֹעַן	word the entry names
BDB1259	בְּצַעֲנַנִּים	H6814=צֹעַן	word the entry names
BDB1273	בַּצָּרָה	H1226=בַּצֹּרֶת	cross-reference
BDB1327	בְּרִי	H7377=רִי	cross-reference
BDB1329	בֵּרִים	H1276=בֵּרִי	cross-reference
BDB1339	בְּרֹמִים	H1264=בְּרוֹם	related form
BDB1349	בַּרְקָנִים	H1303=בַּרְקָן	related form
BDB1357	בַּרְבֻּרִים	H1257=בַּרְבֻּר	related form
BDB1373	מְבַשְּׁלוֺת	H4018=מְבַשְּׁלָה	related form
BDB1440	מִגְבָּלֹת	H4020=מִגְבָּלָה	related form
BDB1457	מִגְבָּעוֺת	H4021=מִגְבָּעָה	related form
BDB1483	גַּדָּה	H2693=חֲצַר גַּדָּה	compound name
BDB1486	גִּדְגָּד	H2735=חֹר הַגִּדְגָּד	compound name
BDB1488	מְגִדּוֺ	H4023=מְגִדּוֹן	related form
BDB1497	גְּדִלִים	H1434=גְּדִל	related form
BDB1518	גִּדּוּפִים	H1421=גִּדּוּף	related form
BDB1554	גּוֺיִם	H1471=גּוֹי	word the entry names
BDB1570	מַמְּגֻרוֺת	H4460=מַמְּגֻרָה	related form
BDB1606	גַּחֶ֫לֶת	H1513=גֶּחֶל	related form
BDB1650	גֵּל	H1561=גֵּלֶל	cross-reference
BDB1677	גַּמָּדִים	H1575=גַּמָּד	related form
BDB1683	תַּגְמוּל	H1583=גַּמְלִיאֵל	override: H8408
BDB1684	גַּמְלִיאֵל	H1581=גָּמָל	override: H1583
BDB1700	גְּנָזִים	H1595=גֶּנֶז	related form
BDB1706	גִּנְּתוֺי	H1599=גִּנְּתוֹן	related form
BDB1739	גִּרְזִי	H1511=גִּזְרִי	word the entry names
BDB1796	דָּאג	H1709=דָּג	word the entry names
BDB1800	דּאֹר	H1756=דּוֹר	cross-reference
BDB1806	דִּבְיוֺנִים	H1686=דִּבְיוֹן	related form
BDB1811	דִּבְלָתַ֫יִם	H1015=בֵּית דִּבְלָתַיִם	compound name
BDB1819	דֹּבְרוֺת	H1702=דֹּבְרָה	related form
BDB1827	דַּבֶּ֫רֶת	H1703=דַּבָּרָה	related form
BDB1852	דְּדָנִי	H1720=דְּדָנִים	related form
BDB1856	דַּהֲרָה	H1726=דַּהֲהַר	related form
BDB1882	דּוּמָה	H1748=דּוּמָם	override: H1746
BDB1893	דּאֹר	H1756=דּוֹר H5299=נָפָה H5316=נֶפֶת	word the entry names
BDB1904	דָּחַח	H1760=דָּחָה	related form
BDB1929	דִּיפַת	H7384=רִיפַת	word the entry names
BDB1938	דָּל	H1817=דֶּלֶת	cross-reference
BDB1942	דָּל	H1817=דֶּלֶת	related form
BDB1943	דָּלָה	H1817=דֶּלֶת	related form
BDB1945	דָּלִיּוֺת	H1808=דָּלִיָּה	related form
BDB2037	הַל	H1973=הָלְאָה	related form
BDB2040	הָארָרִי	H2043=הֲרָרִי	cross-reference
BDB2054	הֵגַי	H1896=הֵגֵא	cross-reference
BDB2086	הוּ	H1931=הוּא	cross-reference
BDB2096	הָוָה	H1933=הָוָא	cross-reference
BDB2141	הוּת	H2050=הָתַת	related form
BDB2154	הַכָּרַת	H1971=הַכָּרָה	cross-reference
BDB2155	הַל	H1973=הָלְאָה	cross-reference
BDB2183	מַהֲלֻמֿוֺת	H4112=מַהֲלֻמָּה	related form
BDB2187	הַמְּדָתָא	H4099=מְדָתָא	word the entry names
BDB2217	תַּהְפֻּכָה	H5419=נְתַן־מֶלֶךְ	override: H8419
BDB2218	הֻצַּב	H5324=נָצַב	cross-reference
BDB2245	הֲתֻלִֿים	H2049=הָתֹל	related form
BDB2289	זֶה	H2063=זֹאת	override: H2088
BDB2300	זִר	H2099=זִו	word the entry names
BDB2328	זָרָא	H2114=זוּר	override: H2214
BDB2365	מַזְכִּיר	H2142=זָכַר	cross-reference
BDB2384	זַמְזֻמִּים	H2157=זַמְזֹם	related form
BDB2395	מְזַמֶּרֶת	H4212=מְזַמְּרָה	related form
BDB2408	זְנוּנִים	H2183=זָנוּן	related form
BDB2437	זְקֻנִים	H2208=זָקֻן	related form
BDB2442	אֲזֵק	H246=אֲזִקִּים	related form
BDB2467	זֵָֽרְעֹן	H2235=זֵרֹעַ	related form
BDB2474	זָרַף	H2222=זַרְזִיף	related form
BDB2504	חֹבְלִים	H2256=חֶבֶל	related form
BDB2532	חֲבִתִּים	H2281=חָבֵת	related form
BDB2538	חֲגָבָה	H2286=חֲגָבָא	related form
BDB2547	חֲגָוִים	H2288=חֲגָו	related form
BDB2562	חָדָה	H2300=חָדַד	related form
BDB2582	חָדְשִׁי	H8483=תַּחְתִּים חׇדְשִׁי	compound name
BDB2646	הִירָה	H2437=חִירָה	word the entry names
BDB2648	חֹר	H2735=חֹר הַגִּדְגָּד	compound name
BDB2667	חֲזָהאֵל	H2371=חֲזָאֵל	related form
BDB2699	חַטָּאת	H2403=חַטָּאָה	related form
BDB2702	חֲטֻבוֺת	H2405=חֲטֻבָה	related form
BDB2721	חַיִּים	H2416=חַי	word the entry names
BDB2740	תַּחֲלֻאִים	H8463=תַּחֲלוּא	related form
BDB2764	מַהֲלוּי	H4251=מַחְלֻי	word the entry names
BDB2776	ֵחלְכָה	H2489=חֵלְכָא	related form
BDB2827	חֲלַקְלַקּוֺת	H2519=חֲלַקְלַקָּה	related form
BDB2828	מַחְלְקוֺת	H5555=סֶלַע הַמַּחְלְקוֹת	compound name
BDB2837	מַחֲמָאֹת	H4260=מַחֲמָאָה	related form
BDB2838	חֵמָא	H2534=חֵמָה	cross-reference
BDB2879	מַחְמֶ֫צֶת	H2557=חָמֵץ	word the entry names
BDB2908	חֲמֻשִׁים	H2571=חָמֻשׁ	related form
BDB2924	חֲנֻטִים	H2590=חָנַט	related form
BDB3017	חֲפַרְפָּרָה	H2661=חֲפֹר H6512=פֵּרָה	related form
BDB3019	חָפְרַע	H6548=פַּרְעֹה חׇפְרַע	compound name
BDB3041	חָצַן	H2686=חָצַץ	related form
BDB3097	ךְַרְבּוֺנָה	H2726=חַרְבוֹנָא	cross-reference
BDB3103	חֲרֹד	H5878=עֵין חֲרֹד	compound name
BDB3113	חַרְחֲיָה	H2736=חַרְהֲיָה	related form
BDB3124	חֲרַכִּים	H2762=חֶרֶךְ	related form
BDB3161	חַרְצַנִּים	H2785=חַרְצַן	related form
BDB3275	טֵאטֵא	H2894=טוּא	related form
BDB3316	טֻחוֺת	H2910=טֻחָה	related form
BDB3327	טָחַח	H2902=טוּחַ	related form
BDB3334	טוֺטָפוֺת	H2903=טוֹפָפָה	word the entry names
BDB3345	טַלְמֹן	H2829=חֶשְׁמוֹן	override: H2929
BDB3363	טִפֻּחִים	H2949=טִפֻּח	related form
BDB3449	הֻיְּדוֺת	H1960=הֻיְּדָה	related form
BDB3527	הִתְיַחֵשׂ	H3187=יָחַשׂ	word the entry names
BDB3538	תּוֺכַ֫חַת	H8433=תּוֹכֵחָה	related form
BDB3540	יוּכַל	H3081=יְהוּכַל	cross-reference
BDB3549	מוֺלֶ֫דֶת	H4038=מַגָּל	override: H4138
BDB3552	תּוֺלֵדוֺת	H8435=תּוֹלְדָה	related form
BDB3565	יִמְלָה	H3229=יִמְלָא	cross-reference
BDB3568	יֵמִם	H3222=יֵם	word the entry names
BDB3598	יִסְכָּה	H3253=יִסְמַכְיָהוּ	override: H3252
BDB3626	יַעַן	H1842=דָּן יַעַן	compound name
BDB3674	מוּצֶ֫קֶת	H4166=מוּצָקָה	related form
BDB3679	יְצֻרִים	H3338=יָצֻר	related form
BDB3713	מוֺרָה	H4172=מוֹרָא	related form
BDB3715	יָרָא	H3384=יָרָה	word the entry names
BDB3753	יַרְקוֺן	H4313=מֵי הַיַּרְקוֹן	compound name
BDB3757	יָרְקְעָ֑ם	H3412=יַרְמוּת	override: H3421
BDB3766	מוֺרֶ֫שֶׁת	H4182=מוֹרֶשֶׁת גַּת H1661=גַּת	compound name
BDB3864	מוֺתָר	H3195=יְטוּר	override: H4195
BDB3871	כַּאֲשֶׁר	H834=אֲשֶׁר	word the entry names
BDB3877	כָּאֶה	H2489=חֵלְכָא	related form
BDB3879	כָּאֹר	H2975=יְאֹר	cross-reference
BDB3896	מַכְבֵּנָה	H4343=מַכְבֵּנָא	related form
BDB3922	כַּדּוּר	H1754=דּוּר	word the entry names
BDB4004	כֵּילַפּוֺת	H3597=כֵּילַף	cross-reference
BDB4054	כִּמְהָן	H3643=כִּמְהָם	cross-reference
BDB4115	כַּסּוּחָה	H5478=סוּחָה	cross-reference
BDB4140	כַּ֫עַשׂ	H3708=כַּעַס	related form
BDB4156	כִּפֻּרִים	H3725=כִּפֻּר	related form
BDB4219	כְּרֹת	H3741=כָּרָה	cross-reference
BDB4222	כַּשְׂדִּים	H3679=כַּסְדַּי H3778=כַּשְׂדִּי	related form
BDB4278	לְאַט	H328=אַט	cross-reference
BDB4289	לְבִי	H3833=לָבִיא	related form
BDB4320	לַבֵּן	H4192=מוּת	cross-reference
BDB4327	לִדְבִר	H3810=לֹא דְבַר H1688=דְּבִיר	compound name
BDB4331	לַבַּת אֵשׁ	H3852=לֶהָבָה	cross-reference
BDB4344	לוֺ	H3808=לֹא	cross-reference
BDB4345	לוּ	H3863=לוּא	related form
BDB4350	לוֺ דְבָר	H3810=לֹא דְבַר	compound name
BDB4373	לוּלַי	H3924=לֻלָאָה	related form
BDB4419	לְךָ	H1980=הָלַךְ	related form
BDB4423	לְכָה	H1980=הָלַךְ	related form
BDB4432	לְמוֺא֯ל	H4136=מוּל H8040=שְׂמֹאול	cross-reference
BDB4447	לִפְנִים	H6441=פְּנִימָה	cross-reference
BDB4455	מֶלְקָחַ֫יִם	H4457=מֶלְקָח	related form
BDB4476	לַשָּׁרוֺן	H8289=שָׁרוֹן	cross-reference
BDB4490	מְאָיוֺת	H3967=מֵאָה	cross-reference
BDB4502	מָ֑ג	H7248=רַב־מָג	compound name
BDB4535	מוֺ	H4325=מַיִם	related form
BDB4573	מַזָּלוֺת	H4208=מַזָּלָה	related form
BDB4578	מַזָּרוֺת	H4216=מַזָּרָה	cross-reference
BDB4597	מַחֲמָאֹת	H4260=מַחֲמָאָה	related form
BDB4612	מַי	H4325=מַיִם	related form
BDB4656	יִמְלָה	H3229=יִמְלָא	related form
BDB4699	מָלַל	H5243=נָמַל	related form
BDB4700	מָלַל	H5243=נָמַל	related form
BDB4719	תִּמְנַת סֶ֫רַח	H8556=תִּמְנַת חֶרֶס	compound name
BDB4746	מִסַּת	H4530=מִסָּה	related form
BDB4750	מַעֲדַנּוֺת	H4575=מַעֲדַנָּה	cross-reference
BDB4754	מְעוּנִים	H4586=מְעוּנִי	cross-reference
BDB4759	מְעֻטָּה	H4803=מָרַט	cross-reference
BDB4816	מְרָיוֺה	H4812=מְרָיוֹת	related form
BDB4849	מָרֵשָׁה	H4762=מַרְאֵשָׁה	related form
BDB4871	משֶׁ֫כֶת	H4189=מוֹשְׁכָה	related form
BDB4899	מָתְנַ֫יִם	H4975=מֹתֶן	related form
BDB4906	מַמְתַֿקִּים	H4477=מַמְתַּק	related form
BDB4936	נְבוּכַדְרֶאצַּר	H5019=נְבוּכַדְנֶאצַּר	cross-reference
BDB4984	נָדָא	H5077=נָדָה	related form
BDB5060	מְנֻחוֺת	H2679=חֲצִי הַמְּנֻחוֹת	compound name
BDB5062	מָנַחְתִּי	H2680=חֲצִי הַמְּנַחְתִּי H2679=חֲצִי הַמְּנֻחוֹת	compound name
BDB5163	נָעַץ	H5193=נָטַע	word the entry names
BDB5175	מַטָּרָה	H4307=מַטָּרָא	related form
BDB5267	מַנְעַמִּים	H4516=מַנְעַם	related form
BDB5280	נְעוּרִים	H5271=נָעוּר	related form
BDB5281	נְעוּרוֺת	H5271=נָעוּר	related form
BDB5303	נְפִלִים	H5303=נְפִיל	related form
BDB5343	נָצַץ	H5006=נָאַץ H5132=נוּץ	related form
BDB5366	נָקִיא	H5355=נָקִי	related form
BDB5368	מְנַקִּיָּה	H4518=מְנַקִּית	related form
BDB5385	נָשָׂא	H4984=מִתְנַשֵּׂא H5379=נִשֵּׂאת	override: H5375
BDB5406	מַשּׁוּאוֺת	H4876=מַשּׁוּאָה H4875=מְשׁוֹאָה	related form
BDB5407	נָשָׁא	H5382=נָשָׁה	cross-reference
BDB5409	נָשָׁה	H5378=נָשָׁא	override: H5383
BDB5444	נְתִינִים	H5411=נָתִין	related form
BDB5474	סְבָאִים	H5436=סְבָאִי	related form
BDB5492	סַבְתָּה	H5454=סַבְתָּא	related form
BDB5503	סַגְּרִיר	H5464=סַגְרִיד	related form
BDB5530	סוּךְ	H5526=סָכַךְ	related form
BDB5553	סָחִישׁ	H7823=שָׁחִיס	word the entry names
BDB5555	סָחַר	H5502=סָחַף	override: H5503
BDB5574	סֻכִּיִּים	H5525=סֻכִּי	related form
BDB5591	מִסְכְּנוֺת	H4543=מִסְכְּנָה	related form
BDB5595	סָכַר	H7936=שָׂכַר	word the entry names
BDB5604	סָלוא	H5543=סַלּוּ	related form
BDB5605	סַלּוּא	H5543=סַלּוּ	related form
BDB5627	סָלֵק	H5266=נָסַק	word the entry names
BDB5646	סַנְוֵרִים	H5575=סַנְוֵר	related form
BDB5649	סַנְסִנִּים	H5577=סַנְסִן	related form
BDB5679	שִׂפַּח	H5596=סָפַח	word the entry names
BDB5691	סָפַק	H5506=סְחֹרָה H8210=שָׁפַךְ	override: H5606
BDB5692	שֶׂ֫פֶק	H5607=סֵפֶק	word the entry names
BDB5761	עֵיבָל	H5658=עַבְדוֹן	override: H5858
BDB5762	עֵיבָל	H5658=עַבְדוֹן	override: H5858
BDB5777	עָבוּר	H5666=עָבָה	override: H5668
BDB5781	עָבַת	H5666=עָבָה	override: H5686
BDB5782	עָבוֺת	H5887=עֵין תַּפּוּחַ	override: H5687
BDB5792	עֶגְלַת	H5697=עֶגְלָה H7992=שְׁלִישִׁי	related form
BDB5865	עִוְעִים	H5773=עַוְעֶה	related form
BDB5913	עַוֶּ֫רֶת	H5788=עִוָּרוֹן	related form
BDB5950	עֻזָּה	H5798=עֻזָּא	cross-reference
BDB6020	עֵיןדֹּֿר	H5874=עֵין־דֹּאר H5878=עֵין חֲרֹד	compound name
BDB6065	עַלְבּוֺן	H45=אֲבִי־עַלְבוֹן	compound name
BDB6094	עוֺלֵלוֺת	H5955=עֹלֵלָה	related form
BDB6100	תַּעֲלוּלִים	H8586=תַּעֲלוּל	related form
BDB6117	עֲלוּמִים	H5934=עָלוּם	related form
BDB6170	מַעֲמַקִּים	H4615=מַעֲמָק	related form
BDB6194	מַעֲדַנּוֺת	H4575=מַעֲדַנָּה	related form
BDB6198	קָצִין	H6278=עֵת קָצִין	compound name
BDB6208	מַעֲנִית	H4618=מַעֲנָה	cross-reference
BDB6320	עֵ֫קֶד	H1044=בֵּית עֵקֶד	compound name
BDB6369	עָרַג	H6166=עֲרָד	override: H6165
BDB6374	עָרָהע	H6169=עָרָה	related form
BDB6386	מַּעֲרֶ֫נֶת	H4635=מַעֲרֶכֶת	related form
BDB6460	עֲשׁוּקִים	H6217=עָשׁוּק	related form
BDB6475	עַשְׁתָּרוֺת	H1045=בֵּית עַשְׁתָּרוֹת	compound name
BDB6476	עַשְׁתָּרוֺת	H6251=עַשְׁתְּרָה	related form
BDB6529	פִּדְיוֺן	H6306=פִּדְיוֹם	related form
BDB6541	פּוּגַת	H6314=פּוּגָה	related form
BDB6578	פַּ֫הַד	H6344=פַּחַד	word the entry names
BDB6613	פֹּכֶ֫רֶת הַצְבָיִם	H6380=פֹּכֶרֶת צְבָיִים	compound name
BDB6621	פְּלָאיָה	H6411=פְּלָיָה	related form
BDB6680	פָּנֶה	H6440=פָּנִים H3942=לִפְנַי	cross-reference
BDB6688	פְּנִינִים	H6443=פָּנִין	related form
BDB6730	פָּצַץ	H6327=פּוּץ	related form
BDB6736	פְּקוּדִים	H6485=פָּקַד	cross-reference
BDB6749	פְּקָעִים	H6497=פֶּקַע	related form
BDB6750	פַּקֻּעֹת	H6498=פַּקֻּעָה	related form
BDB6766	פַּרְוֶר	H6503=פַּרְבָּר	related form
BDB6839	פַּרְתְּמִים	H6579=פַּרְתַּם	related form
BDB6882	נַפְתּוּלִים	H5319=נַפְתּוּל	related form
BDB6893	פַּתְרֻסִים	H6625=פַּתְרֻסִי	related form
BDB6894	פַּתְשֶׁ֫גֶן	H6572=פַּרְשֶׁגֶן	word the entry names
BDB6897	פָּתוֺת	H6595=פַּת	related form
BDB6899	צֶאֱלִים	H6628=צֶאֶל	related form
BDB6919	צְבֹיִים	H6636=צְבֹאִים	related form
BDB6932	צְבָתִים	H6653=צֶבֶת	related form
BDB6991	צַעֲצֻעִים	H6816=צַעְצֻעַ	related form
BDB6999	צִיצַת	H6733=צִיצָה	cross-reference
BDB7011	צַוָּרוֺן	H6677=צַוָּאר	word the entry names
BDB7053	צִיּים	H6716=צִי H6728=צִיִּי H6790=צִן	cross-reference
BDB7074	צֶלְצְלִים	H6767=צְלָצַל	related form
BDB7076	מְצִלְתַּיִם	H4700=מְצֵלֶת	cross-reference
BDB7083	צִלְלוֺ	H6738=צֵל	cross-reference
BDB7084	הַצְּלֶלְפּוֺנִי	H6753=צְלֶלְפּוֹנִי	word the entry names
BDB7126	צֹנֶה	H6792=צֹנֵא	related form
BDB7148	צַנְתְּרוֺת	H6804=צַנְתָּרָה	related form
BDB7165	צֹ֫עַר	H6920=קַדַּחַת H1106=בֶּלַע	override: H6820
BDB7199	צָֽפְנַת פַּעְנֵהַ	H6847=צׇפְנַת פַּעְנֵחַ	compound name
BDB7201	צֶ֫פַע	H6448=פָּסַג	override: H6848
BDB7202	צִפְעוֺנִי	H6848=צֶפַע	related form
BDB7230	צָרָב	H6867=צָרֶבֶת	related form
BDB7249	צָרְעָתִי	H6882=צׇרְעִי	related form
BDB7299	קָדַח	H6916=קִדָּה	override: H6919
BDB7310	קְדוּמִים	H6917=קָדוּם H6923=קָדַם	related form
BDB7330	קֵהָיוֺן	H5356=נִקָּיוֹן	cross-reference
BDB7344	קֹוֶה	H4723=מִקְוֶה	related form
BDB7352	תִּקְוָה	H8618=תְּקוֹמֵם H8445=תּוֹקַהַת	override: H8616
BDB7384	קְוֻצּוֺת	H6977=קְוֻצָּה	related form
BDB7410	מֻקְטָר	H6999=קָטַר	word the entry names
BDB7412	מְקַטֵּרָה	H6999=קָטַר	word the entry names
BDB7428	קוֺנֵן	H6969=קוּן	related form
BDB7509	קִפָּאוֺן	H3368=יָקָר H7087=קָפָא	cross-reference
BDB7557	קְרַאת	H7122=קָרָא H7125=קִרְאָה	cross-reference
BDB7582	קִרְיַתסֵֿ֫פֶר	H7158=קִרְיַת סַנָּה	compound name
BDB7600	קַרְנַ֫יִם	H7161=קֶרֶן H6252=עַשְׁתָּרוֹת	related form
BDB7612	קַרְקַר	H6936=קׇדְקֹד	word the entry names
BDB7613	קָרַר	H6979=קוּר	related form
BDB7618	קָרַר	H6979=קוּר	related form
BDB7623	קֶ֫סֶת	H7183=קַשָּׁב	override: H7083
BDB7648	קִשֻּׁרִים	H7196=קִשֻּׁר	related form
BDB7676	רָאמוֺת	H7215=רָאמָה	related form
BDB7677	רָאשׁ	H7326=רוּשׁ H7389=רֵישׁ	cross-reference
BDB7686	מְרַאֲשׁוֺת	H4761=מַרְאָשָׁה H4763=מְרַאֲשָׁה H7226=רַאֲשֹׁת	related form
BDB7699	רְבִיבִם	H7241=רָבִיב	related form
BDB7736	אַרְגָּב	H68=אֶבֶן H5045=נֶגֶב	word the entry names
BDB7747	מַרְגְּלוֺת	H4772=מַרְגְלָה	related form
BDB7769	מִרְדָּה	H4783=מֻרְדָּף	related form
BDB7773	רֹדָן	H1719=דְּדָן H1721=דֹּדָנִים	word the entry names
BDB7774	רוֺדָנִים	H1721=דֹּדָנִים	word the entry names
BDB7781	מַרְהֵבָה	H4062=מַדְהֵבָה	word the entry names
BDB7789	רָהִיט	H7351=רְחִיט	word the entry names
BDB7800	רָרַח	H7304=רָוַח	word the entry names
BDB7812	רָ(א)מַת	H7418=רָמוֹת H7437=רָמַת לֶחִי H7434=רָמַת הַמִּצְפֶּה	compound name
BDB7814	רָמָתַיִם	H7414=רָמָה H7436=רָמָתַיִם צוֹפִים	compound name
BDB7822	רוּן	H7442=רָנַן H7323=רוּץ H7321=רוּעַ	related form
BDB7831	רוֺשׁ	H7219=רֹאשׁ	cross-reference
BDB7863	רַחֲמִים	H7356=רַחַם	related form
BDB7868	רֻחָ֫מָה	H3819=לֹא רֻחָמָה	compound name
BDB7949	תַּרְמִית	H8649=תׇּרְמָה	related form
BDB7960	הָרַמִּים	H761=אֲרַמִּי	cross-reference
BDB7978	רְנָנִים	H7443=רֶנֶן H3283=יָעֵן	related form
BDB8044	רְפָאִים	H7496=רָפָא H7497=רָפָא	cross-reference
BDB8045	רָפָה	H7498=רָפָא	cross-reference
BDB8059	רָפָה	H7498=רָפָא	related form
BDB8060	רְפָאִים	H7496=רָפָא	related form
BDB8061	רְפָאִים	H7497=רָפָא	cross-reference
BDB8067	רָפַף	H7322=רוּף	related form
BDB8142	רַתּוּקוֺת	H7569=רַתּוֹק H7572=רַתִּיקָה	cross-reference
BDB8184	שׂוּכָתִים	H7756=שׂוּכָתִי	related form
BDB8198	שָׂחִיף	H7624=שְׁבַח	override: H7824
BDB8221	שֵׁךְַ	H7808=שֵׂחַ	word the entry names
BDB8228	שָֽׂכְיָה	H7634=שׇׁבְיָה	word the entry names
BDB8231	שָׂכַךְ	H5526=סָכַךְ	word the entry names
BDB8234	שׂכך	H5526=סָכַךְ H7753=שׂוּךְ	related form
BDB8236	שָׂכַךְ	H5526=סָכַךְ	word the entry names
BDB8243	שִׂכְלוּת	H5531=סִכְלוּת	cross-reference
BDB8253	שָׂלִק	H5400=נָשַׂק	word the entry names
BDB8265	שׂמלי	H8014=שַׂלְמַי	cross-reference
BDB8266	שָׂמַל	H8041=שָׂמַאל	cross-reference
BDB8269	מַשְׂמֵר	H4548=מַסְמֵר	cross-reference
BDB8275	שְׂעִפִּים	H5587=סָעִף	word the entry names
BDB8276	שַׂרְעַפִּים	H8312=שַׂרְעַף	related form
BDB8295	שְׂעִירִים	H8164=שָׂעִיר	related form
BDB8296	שְׂפֹדְנָה	H5594=סָפַד	cross-reference
BDB8300	שָׂפַק	H5606=סָפַק	word the entry names
BDB8301	שֵׂ֫פֶק	H5607=סֵפֶק	word the entry names
BDB8325	שָׂרֶ֫טֶת	H8296=שֶׂרֶט	cross-reference
BDB8344	שׂשׂרֵק	H7796=שׂוֹרֵק	word the entry names
BDB8353	שָׂתַם	H5640=סָתַם	word the entry names
BDB8356	שֶׁ	H834=אֲשֶׁר H7945=שֶׁל H4100=מָה	cross-reference
BDB8378	שׁאסיך	H7601=שָׁאַס H8154=שָׁסָה H8155=שָׁסַס	cross-reference
BDB8392	שְׁבָבִים	H7616=שָׁבָב	related form
BDB8415	שִׁבֹּ֫לֶת	H7641=שִׁבֹּל	related form
BDB8416	שִׁבֹּ֫לֶת	H7641=שִׁבֹּל	related form
BDB8463	שָׁגֵה	H7681=שָׁגֶא	related form
BDB8485	שִׁדָּפוֺן	H7711=שְׁדֵפָה	related form
BDB8520	שָׁוֵה	H7741=שָׁוֵה קִרְיָתַיִם H7156=קִרְיָתַיִם	compound name
BDB8541	שׁוּט	H7590=שָׁאט	word the entry names
BDB8607	שְׁחַרְחֹר	H7840=שְׁחַרְחֹרֶת	related form
BDB8665	שָׁבוּל	H7909=שַׁכּוּל	word the entry names
BDB8668	מְשַׁכֶּ֫לֶת	H7921=שָׁכֹל	word the entry names
BDB8673	שִׁכְּ מִי	H7939=שָׂכָר	related form
BDB8691	שְׁלַבִּים	H7948=שָׁלָב	related form
BDB8713	שִׁלּוּחִים	H7964=שִׁלּוּחַ	related form
BDB8749	מְשֶׁלֶיָ֫ה(וּׅ	H4920=מְשֶׁלֶמְיָה H7967=שַׁלּוּם H8018=שֶׁלֶמְיָה	related form
BDB8774	שַׁלְתִּיאֵל	H7597=שְׁאַלְתִּיאֵל	word the entry names
BDB8788	שָׁ֑מֶד	H8106=שֶׁמֶר	cross-reference
BDB8789	שֻׁמָה	H8126=שֻׁמָתִי	related form
BDB8792	שָׁמַי	H8064=שָׁמַיִם	related form
BDB8809	שָׁמָן	H4924=מַשְׁמָן	related form
BDB8811	אַשְׁמַנִּים	H820=אַשְׁמָן	cross-reference
BDB8830	שִׁמְעָתִים	H8101=שִׁמְעָתִי	related form
BDB8862	שִׁמְוֺנִי	H8117=שִׁמְרֹנִי	related form
BDB8923	מִשְׁעֶ֫נֶת	H4938=מִשְׁעֵנָה	related form
BDB8926	שַׁעֲשֻׁעִים	H8191=שַׁעְשֻׁעַ	related form
BDB8934	שַׁ֫עַר	H8160=שָׁעָה	override: H8180
BDB8941	שְׁפוֺת	H8194=שָׁפָה	related form
BDB8949	שְׁפַתָּ֑יִם	H4942=מִשְׁפָּת H8240=שָׁפָת	related form
BDB8950	שְׁפַתַּ֫ים	H8440=תּוֹלָעִי	cross-reference
BDB8951	מִשְׁפְּתַ֫יִם	H4942=מִשְׁפָּת	related form
BDB8987	שְׁפוּפָן	H8197=שְׁפוּפָם	related form
BDB8997	שְׁפַתַּ֫יִם	H8240=שָׁפָת H4942=מִשְׁפָּת	related form
BDB9037	שִׁרְיָה	H8302=שִׁרְיוֹן	related form
BDB9064	שִׁשֵּׁא	H8339=שֵׁשְׁבַּצַּר H8340=שֵׁשְׁבַּצַּר	override: H8338
BDB9065	שֶׁשְׁבַּצַּר	H8329=שֶׁרֶשׁ	override: H8339
BDB9149	תֻּכִּיִּים	H8500=תֻּכִּי	related form
BDB9170	תַּלְתַּלִּים	H8534=תַּלְתַּל	related form
BDB9178	תּוֺלָיִ	H8440=תּוֹלָעִי	related form
BDB9181	מְתַלְּיוֺת	H4459=מַלְתָּעָה H4973=מְתַלְּעָה	cross-reference
BDB9182	תַּלְפִיּוֺת	H8530=תַּלְפִּיָּה	related form
BDB9200	תִּימָרָה	H8470=תַּחֲנִי	override: H8490
BDB9205	תָּנָה	H3496=יַתְנִיאֵל	override: H8567
BDB9222	תַּעְתֻּעִים	H8595=תַּעְתֻּעַ	related form
BDB9223	תֻּפִינִים	H8601=תֻּפִין	related form
BDB9250	תִּרְוָה	H8645=תִּרְזָה	related form
BDB9251	תֶּ֫רַח	H8648=תְּרֵין	override: H8646
BDB9253	תִּרְעָתִים	H8654=תִּרְעָתִי	related form
BDB9257	תַּרְשִׁרשׁ	H8659=תַּרְשִׁישׁ	cross-reference
BDB9274	אַזְדָּא	H149=אַדְרַזְדָּא H230=אֲזָד	related form
BDB9297	קְרַץ	H398=אָכַל H399=אֲכַל	word the entry names
BDB9321	אנשׁ	H802=אִשָּׁה	word the entry names
BDB9324	אַתֶּם	H608=אַנְתּוּן H859=אַתָּה	related form
BDB9339	הֲרֵי	H718=אֲרוּ	cross-reference
BDB9356	אִיתַי	H861=אַתּוּן	related form
BDB9431	יְדוּרָן	H1752=דּוּר H1753=דּוּר	cross-reference
BDB9455	מַדֱּקָה	H1751=דּוּק H1855=דְּקַק H1854=דָּקַק	word the entry names
BDB9520	חַטָּאת	H2403=חַטָּאָה H2409=חֲטָּיָא	related form
BDB9596	שָׂרָה	H3478=יִשְׂרָאֵל H3479=יִשְׂרָאֵל	related form
BDB9618	כַּשְׂדָּי	H3764=כׇּרְסֵא	word the entry names
BDB9627	כַשְׂדִּים	H3779=כַּשְׂדַּי H3778=כַּשְׂדִּי	cross-reference
BDB9638	לָא	H3830=לְבוּשׁ H3831=לְבוּשׁ	word the entry names
BDB9655	מָצָא	H4291=מְטָא	word the entry names
BDB9670	מִנְּהֵן	H4481=מִן H4480=מִן	related form
BDB9679	מָרֵא	H4779=מָרָד	related form
BDB9682	שׁכב	H4886=מָשַׁח H4887=מְשַׁח	cross-reference
BDB9725	נְתִינִים	H5412=נְתִין H5411=נָתִין H5414=נָתַן	related form
BDB9736	סוּמְפֹּנְיָה	H5491=סוֹף	word the entry names
BDB9798	צָרַר	H6862=צַר	related form
BDB9833	חֵפֶץ	H6640=צְבוּ	word the entry names
BDB9887	רַב	H7244=רְבִיעַי	related form
BDB9911	שׂ	H5443=סַבְּכָא H7639=שְׂבָכָה	cross-reference
BDB9922	שׁ	H7592=שָׁאַל H7593=שְׁאֵל	cross-reference
BDB9936	שׁדשׁ	H8337=שֵׁשׁ	word the entry names
BDB9972	שׁנן	H8124=שִׁמְשַׁי	word the entry names
BDB9989	שׁדת	H8353=שֵׁת	cross-reference
BDB9992	שׁדת	H8361=שִׁתִּין	cross-reference
