bdb	headword	kind	opening (first 60 characters)
BDB1	א	root or unpointed	א , Aleph , first letter; in post Biblical Hebrew = numeral 
BDB2	אבב	root or unpointed	אבב ( fresh, bright , Assyrian abâbu Dl w , AGI .)
BDB16	אבה	root or unpointed	II. אבה (perhaps at least formally justified as stem of אָב 
BDB47	אבח	root or unpointed	אבח ( Dl BD Ez. x; Prov 75 compare Assyrian [ abâµu ], torme
BDB53	אבל	root or unpointed	II. אבל (perhaps grow green , compare grass ; Lag BN 45 prop
BDB56	אבל	root or unpointed	III. אבל (compare Arabic able to manage camels , from , coll
BDB64	אבץ	root or unpointed	אבץ (meaning unknown).
BDB67	אבק	root or unpointed	אבק (Arabic run away (compare Lag BN 51 )).
BDB71	אבר	root or unpointed	אבר (compare Assyrian abâru , be firm , strong Dl W ).
BDB78	אגא	root or unpointed	אגא (compare Arabic , flee Frey ). ** Authority for Arabic v
BDB82	אגד	root or unpointed	אגד ( bind , so Talmud אָגַד , Aramaic אֲגַד ). ** Aramaic ׳
BDB85	אגל	root or unpointed	אגל ( Hoffm Hiob. 86 compare Arabic restrict , Ethiopic a ce
BDB88	אגם	root or unpointed	אגם ( troubled, sad , Assyrian agâmu Dl W compare Arabic loa
BDB92	אגן	root or unpointed	אגן (probably circular, round , compare Arabic ball of cheek
BDB94	אגף	root or unpointed	אגף (Assyrian stem of agappu, wing , compare Dl W ).
BDB97	אגר	root or unpointed	II. אגר ( pay, hire , Arabic , Aramaic אֲגַר , , Assyrian ag
BDB103	אדד	root or unpointed	אדד (? compare Arabic strength ).
BDB107	אדם	root or unpointed	I. אדם (compare Assyrian [ adâmu ] make, produce (?) Dl W & 
BDB112	אדם	root or unpointed	II. אדם ( , tawny , Ethiopic (only in derivatives), Assyrian
BDB123	אדן	root or unpointed	אדן (meaning disputed; (1) compare Assyrian [ adannu ] firm,
BDB147	אהד	root or unpointed	אהד (= אחד ? see Thes .)
BDB153	אהל	root or unpointed	I. אהל ( settle down (?), Arabic be inhabited , compare Assy
BDB165	אוב	root or unpointed	אוב (meaning ? Thes compare Arabic return , whence Kö off.-b
BDB168	אוד	root or unpointed	אוד ( be curved, bent , also transitive burden, oppress , co
BDB173	אוה	root or unpointed	I. אוה 1. Arabic betake oneself to a place for dwelling, etc
BDB187	אוה	root or unpointed	III. אוה ( to cry אוֺי , howl compare Arabic , to cry to be 
BDB192	אול	root or unpointed	I. אול ( be foolish , compare יאל , & Arabic grow thick (of 
BDB196	אול	root or unpointed	II. אול , איל ( be in front of, precede, lead ; see Thes Nö 
BDB222	און	root or unpointed	I. און (compare Arabic (medial ) be fatigued, tired , wearin
BDB225	און	root or unpointed	II. און (compare Arabic (medial ) be at rest, at ease, enjoy
BDB232	אוניות	root or unpointed	אוניות 2Chr 8:18 Kt see אֳנִי below אנה .
BDB255	מֵאָז	word	מֵאָז (compare ), once ( Jer 44:18 ) מִןאָֿז , literally fro
BDB262	אזן	root or unpointed	I. אזן ( pointed, sharp ? compare Ethiopic edge, corner, pea
BDB284	אחה	root or unpointed	אחה (stem assumed for אָח ; which however perhaps biliteral 
BDB323	אחח	root or unpointed	I. אחח ( cry, howl , onomatopoetic, compare Arabic ).
BDB325	אחח	root or unpointed	II. אחח ?
BDB330	אחל	root or unpointed	אחל (existence & meaning dubious)
BDB338	אָדָם אַחֲרַי	word	אָדָם אַחֲרַי a man that turneth backwards (compare Jer 7:24
BDB350	אטד	root or unpointed	אטד (meaning dubious; perhaps compare Arabic make firm, stro
BDB352	אטט	root or unpointed	אטט Arabic to emit a moaning or creaking sound (compare AW L
BDB353	אִטִּי	word	[ אִטִּי Ol 412 ] noun masculine mutterer, plural אִטִּים Is
BDB380	אָים	word	אָים (compare ᵑ7 , Talmud אַיֵם terrify Lag BN 28 ).
BDB388	אישׁ	word	אישׁ , אושׁ (Stem assumed in Thes for אִישׁ ; existence & me
BDB410	אכר	root or unpointed	אכר (Arabic dig, till the ground).
BDB412	אַל	word	I. אַל (= , Arabic article, preserved perhaps in following w
BDB427	אלה	root or unpointed	I. אלה (assumed as √ of אֵל , ( אֱלוֺהַּ ) אֱלֹהִים god, God
BDB482	אלל	root or unpointed	I. [ אלל ] ( to be weak or insufficient , assumed in Thes as
BDB485	אלל	root or unpointed	II. אלל (√ assumed for following words).
BDB512	אמה	root or unpointed	אמה (assumed as √ of following, which how-ever probably bili
BDB519	אמם	root or unpointed	I. אמם (perhaps be wide, roomy , Assyrian [ am¹mu whence umm
BDB547	אָמַן	word	II. [ אָמַן ] see יָמַן .
BDB574	אנב	root or unpointed	אנב (perhaps spring, leap , so Dl HA 65, Pr 114 , inferred f
BDB580	אנה	root or unpointed	II. אנה (√ whence following nouns, compare Assyrian ânu, unû
BDB585	תֹּאֲנָה	word	תֹּאֲנָה noun feminine opportunity , i.e. ground of quarrel;
BDB608	אנשׁ	word	II. אנשׁ (compare Arabic be inclined to , friendly, social ,
BDB611	אנשׁ	word	III. אנשׁ ( soft, delicate , compare Arabic , id ., see Lag 
BDB613	אנת	root or unpointed	אנת (the root of the pronoun 2 person in Shemitic: , anta ; 
BDB619	אסה	root or unpointed	I. אסה (perhaps compare Arabic heal , Aramaic אֲסָא , ).
BDB621	אסה	root or unpointed	II. אסה (compare Arabic be sorrowful, distressed).
BDB623	אסם	root or unpointed	אסם ( gather, store , Aramaic ).
BDB631	אָסֹף	word	[ אָסֹף ] noun [masculine] what is gathered, store , hence ב
BDB637	אֵסוּר	word	אֵסוּר noun masculine Judg 15:14 band, bond (Aramaic אֱסוּר 
BDB643	מוֺסֵר	word	[ מוֺסֵר ] noun masculine Isa 28:22 band, bond , in poetry &
BDB650	אַף כִּי	word	אַף כִּי 1. furthermore Ezek 23:40 ; Hab 2:5 ( Ges quin imo,
BDB651	אפד	root or unpointed	אפד (existence & meaning dubious Thes MV and others identify
BDB661	אפל	root or unpointed	אפל (Arabic disappear, depart, set (of the sun)).
BDB668	אפן	root or unpointed	אפן (meaning dubious, perhaps turn , compare פנה )
BDB682	אפר	root or unpointed	I. אפר (compare perhaps leap , be agile ; see אבק ).
BDB684	אפר	root or unpointed	II. אפר ( enclose, envelope , Assyrian apâru , attire Dl Pr 
BDB690	אפת	root or unpointed	אפת (meaning dubious √ whence Arabic calamity , & also wonde
BDB693	אצל	root or unpointed	[ אצל ] probably i. q. to join (compare on the א W SG 71 ).
BDB702	אצם	root or unpointed	אצם (meaning dubious, compare Arabic be angry ).
BDB739	ארה	root or unpointed	II. ארה ( burn , compare Arabic , whence hearth ; Ew § 163 g
BDB754	אֲרִיסַי	word	אֲרִיסַי proper name, masculine son of Haman Esth 9:9 Αρσαιο
BDB765	ארם	root or unpointed	ארם (√ of following; compare רום ?).
BDB768	ארן	root or unpointed	I. ארן (compare Arabic alacer, laetus fuit ; possible √ of f
BDB776	ארן	root or unpointed	II. ארן (√ assumed for following word, compare Sta § 208 c ;
BDB786	ארשׁ	word	ארשׁ ( to desire, request , Assyrian êrêšu Dl Pr 55 ).
BDB800	אשׁד	word	אשׁד (√ of following, compare probably Assyrian išdu , found
BDB806	אשׁה	word	אשׁה ( support , √ of following).
BDB808	אָשְׁיָה	word	[ אָשְׁיָה ] noun feminine wall, bulwark (Talmud אָשִׁיתָא (
BDB819	אשׁל	word	אשׁל ( be firm, firmly rooted , compare Arabic be firm ).
BDB825	אשׁן	word	אשׁן (√ assumed for following; perhaps be hard, firm , compa
BDB828	אשׁף	word	אשׁף (√ of dubious meaning, whence following)
BDB862	אתן	root or unpointed	אתן (meaning ? Thes compares Arabic take short steps , but t
BDB868	אתת	root or unpointed	אתת (? √ of following, meaning dubious. Lag M ii. 254 propos
BDB873	בְּ	word	II. בְּ , perhaps abbreviated in proper name for בֶּןֿ , בֵּ
BDB915	בדד	root or unpointed	II. בדד (probably id quod בָּדָא q. v. talk idly ).
BDB925	בדק	root or unpointed	בדק ( penetrate, split ? compare Aramaic בְּדַק , explore ; 
BDB928	בָּדַק	word	[ בָּדַק ] verb denominative mend fissures (of); — Qal Infin
BDB930	בהה	root or unpointed	בהה (compare Arabic be empty ; on a possible connection in A
BDB935	בהם	root or unpointed	בהם (Arabic , IV. shut , x. impeded in speech, tongue-tied ;
BDB938	בהן	root or unpointed	בהן (compare Arabic IV. shut, cover (see foregoing) whence a
BDB941	בהק	root or unpointed	בהק (Late Hebrew בָּהַק shine , Aramaic בְּהַק , , Aph`el id
BDB943	בהר	root or unpointed	בהר (Late Hebrew Hiph`il be bright, shine ; compare Aramaic 
BDB969	בוע	root or unpointed	בוע (assumed as √ of following, compare Lag BN 10 ; but √ pe
BDB971	בוץ	root or unpointed	בוץ so Thes , better ביץ (compare Arabic surpass in whitenes
BDB974	בוק	root or unpointed	בוק (= בקק ).
BDB992	בזק	root or unpointed	בזק (Aramaic בְּזַק , scatter ; Arabic rise (of sun) is prob
BDB1024	בטח	root or unpointed	II. בטח (√ assumed for following).
BDB1027	בטן	root or unpointed	I. בטן (meaning dubious; √ of following).
BDB1030	בטן	root or unpointed	II. בטן (asumed as √ of follwing; meaning unknown).
BDB1064	בֵּית חָנָן	word	בֵּית חָנָן proper name, of a location in Dan (Judah ? Phili
BDB1095	בֵּית	word	בֵּית preposition between , see [ בַּיִן ] below בין .
BDB1135	בִּלהָה	word	II. בִּלהָה proper name, of a location a city of Simeon 1Chr
BDB1145	בלס	root or unpointed	בלס (compare Ethiopic fig , Arabic a kind of fig , compare L
BDB1198	בנט	root or unpointed	בנט (assumed as √ of אַבְנֵט , Thes Sta § 257 ).
BDB1203	בסר	root or unpointed	בסר ( be too early , Arabic , compare Aramaic בְּסִירָה half
BDB1205	בעד	root or unpointed	בעד (Arabic , be remote, distant , Qor 9:42, distant ; Ethio
BDB1208	בעז	root or unpointed	בעז ( quick ? compare Arabic swiftness (of horse)).
BDB1252	בצל	root or unpointed	בצל ( strip, strip off , Ethiopic I. 2; Arabic , apparently 
BDB1277	בקה	root or unpointed	בקה ( test, prove , compare Aramaic בְּקָא .
BDB1306	ברד	root or unpointed	ברד (compare Arabic be or become cold ).
BDB1314	ברה	root or unpointed	II. ברה (compare Assyrian barû , bind , whence birîtu , fett
BDB1316	ברז	root or unpointed	ברז (? compare Aramaic כרז bore, pierce , or Arabic , appear
BDB1338	ברם	root or unpointed	ברם (compare Arabic twist a rope of two strands ).
BDB1358	ברשׁ	word	ברשׁ (√ of following, meaning unknown).
BDB1362	בשׂם	word	בשׂם ( have a sweet odour , compare Aramaic בְּסִים , be swe
BDB1375	בשׁן	word	בשׁן (√ of following = smooth, soft ? compare Arabic , soft 
BDB1383	בתל	root or unpointed	בתל (compare Arabic sever, separate ).
BDB1390	בתת	root or unpointed	בתת (? cut off, sever , compare Arabic , secuit, resecuit, a
BDB1394	ג	root or unpointed	ג ג , גּ , Gîmel , third letter; in post Biblical Hebrew = n
BDB1406	גְּאוּלַי	word	גְּאוּלַי Isa 63:4 , in ׳ שְׁנַת ג , noun abstract redemptio
BDB1415	גבא	root or unpointed	גבא (compare Arabic , restrain or withhold oneself ; perhaps
BDB1417	גבב	root or unpointed	גבב (probably be curved, convex, elevated , Aramaic גִּבְּבָ
BDB1422	גבה	root or unpointed	גבה ( collect , Arabic (= ?, compare גבא above), Late Hebrew
BDB1432	גבח	root or unpointed	גבח (only in following derivatives found in P ; compare also
BDB1436	גבל	root or unpointed	גבל (according to Thes originally twist, wind , whence not o
BDB1445	גבן	root or unpointed	גבן (probably be curved, contracted, coagulated ; Syriac Pa`
BDB1449	גבע	root or unpointed	גבע ( convex, projecting, high ; compare Aramaic Pa`el גַּבַ
BDB1471	גבשׁ	word	גבשׁ ( be firm, massive , compare Assyrian gâbašu, be thick 
BDB1489	גדה	root or unpointed	גדה ( cut, cut or tear away ?).
BDB1500	הַגְּדוֺלִים	word	הַגְּדוֺלִים proper name, masculine father of Zabdiel Neh 11
BDB1529	גדשׁ	word	I. גדשׁ (Late Hebrew גָּדַשׁ , Aramaic גְּדַשׁ , heap up ; c
BDB1531	גּדשׁ	word	II. גּדשׁ (= *; exact meaning unknown).
BDB1545	גוה	root or unpointed	גוה ( project, be convex ?).
BDB1556	גּון	word	גּון (meaning dubious, compare perhaps Aramaic גַּוֵּן tinge
BDB1578	גושׁ	word	גושׁ ( be hard , compare Arabic be hard , of hands, from toi
BDB1591	גזל	root or unpointed	II. גזל (√ of following, meaning dubious; according to Fl NH
BDB1593	גזם	root or unpointed	גזם ( cut off , Late Hebrew id. , Ethiopic compare Arabic [=
BDB1596	גזע	root or unpointed	גזע (√ of following, compare Arabic cut off , & Ethiopic saw
BDB1605	גחל	root or unpointed	גחל (probably = kindle, burn ).
BDB1607	גחם	root or unpointed	גחם (? compare Arabic kindle , , burn ).
BDB1609	גחן	root or unpointed	גחן (compare Aramaic גְּחַן , Nasar . (Syriac PS ) curve, be
BDB1611	גחר	root or unpointed	גחר (? compare Arabic retire, retreat , etc.)
BDB1615	גיד	root or unpointed	גיד (√ of following; meaning dubious; ? compare As gâdu, bin
BDB1626	גיר	root or unpointed	גיר ( boil, boil up ? compare Aramaic גִּיר wave , Late Hebr
BDB1631	גלב	root or unpointed	גלב ( = shear, shave , Assyrian [ galâbu ] Hpt SFG ; Aramaic
BDB1634	גלד	root or unpointed	גלד (√ of following meaning dubious perhaps compare Ethiopic
BDB1644	גלל	root or unpointed	I. גלל ( be great in rank or dignity (often of God)).
BDB1675	גמד	root or unpointed	גמד (√ of following; compare Arabic congeal, become solid; b
BDB1685	גָּמָל	word	גָּמָל noun masculine Gen 24:10 + 9 t., feminine & masculine
BDB1687	גמם	root or unpointed	גמם (Arabic become much or abundant , abundance, much , coll
BDB1690	גמץ	root or unpointed	גמץ (√ of following, Aramaic גְּמַץ dig (perhaps denominativ
BDB1699	גנז	root or unpointed	גנז ( cover up, hide , compare Late Hebrew hide , Arabic cov
BDB1722	גפן	root or unpointed	גפן (√ of following; meaning ?).
BDB1724	גפף	root or unpointed	גפף (√ of following; compare Syriac in derivatives, curved, 
BDB1729	גרב	root or unpointed	גרב (√ of following; Arabic , Aramaic ( have the scab etc.),
BDB1741	גרטל	root or unpointed	גרטל (possibly quadriliteral √, whence followed with א prost
BDB1743	גרל	root or unpointed	גרל (compare Arabic , & plural , stones , or stony place pla
BDB1750	גרן	root or unpointed	גרן (√ of following; ? compare Arabic , become accustomed, w
BDB1764	גרשׂ	word	גרשׂ (Arabic bray, pound, grind, coarse , Aramaic גְּרַס (ra
BDB1774	גשׁם	word	גשׁם (√ of following; compare Arabic be bulky, massive , bod
BDB1782	גשׁר	word	גשׁר (√ of following compare Assyrian gašâru , strengthen , 
BDB1789	ד	root or unpointed	ד ד , דּ , Daleth , fourth letter; in modern Hebrew numeral 
BDB1801	דבא	root or unpointed	דבא (? √ of following; existence & meaning dubious)
BDB1807	דבל	root or unpointed	דבל (Arabic collect , also make into lumps, gobbets ( Lane )
BDB1831	דבשׁ	word	דבשׁ (√ of following; compare Arabic IX. become black or bro
BDB1845	דגן	root or unpointed	דגן (√ of following meaning dubious; Late Hebrew דַּגֵּן Pa`
BDB1860	דוד	root or unpointed	דוד (√ assumed for following, which however perhaps primitiv
BDB1880	דום	root or unpointed	דום (Late Hebrew דום spread slander , perhaps originally whi
BDB1888	דוק	root or unpointed	דוק (? √ of following; meaning dubious compare Sm Ezek 4:2 L
BDB1905	דחן	root or unpointed	דחן (√ of following; perhaps compare Arabic smoke arose , he
BDB1935	דכך	root or unpointed	דכך (√ of following; compare Arabic , Aramaic דְּכַךְ Late H
BDB1970	דמן	root or unpointed	דמן (√ of following, meaning dubious; Arabic , prepare, impr
BDB1982	דנג	root or unpointed	דנג (√ of following, meaning unknown).
BDB1987	דפה	root or unpointed	דפה (√ of following, meaning unknown; Late Hebrew דּוֺפִי is
BDB1991	דקל	root or unpointed	דקל (√ of following compare a kind of palm ; Late Hebrew דֶּ
BDB1999	דרא	root or unpointed	דרא (√ of following compare Arabic repel ).
BDB2001	דרב	root or unpointed	דרב (√ of following compare Arabic become accustomed, traine
BDB2004	דרג	root or unpointed	דרג (√ of following compare Arabic go on foot, step by step,
BDB2013	דרע	root or unpointed	דרע (according to Thes connected with Aramaic דְּרָע , אֶדְר
BDB2016	דרק	root or unpointed	דרק (√ of following meaning dubious; Arabic = walk rapidly, 
BDB2018	דרר	root or unpointed	דרר (√ of following words: Arabic ; — 1. stream, flow abunda
BDB2047	הגג	root or unpointed	הגג ( murmur , then muse ; then compare Arabic burn, blaze (
BDB2055	הגן	root or unpointed	הגן (Late Hebrew הֲגַן Aramaic הֲגַן be suitable, fit, worth
BDB2057	הגר	root or unpointed	הגר (√ of following; ?compare Arabic forsake, retire ; emigr
BDB2060	הדד	root or unpointed	הדד (perhaps make a loud noise ; so Arabic (of a falling bui
BDB2072	הדם	root or unpointed	הדם (√ of following, compare Arabic overthrow, overturn, cas
BDB2089	הוד	root or unpointed	הוד (√ of following; De Job 39:20 compare Bedouin crash, roa
BDB2193	המל	root or unpointed	המל (√ of following; compare Arabic shed tears (that is, the
BDB2197	הָמַן	word	[ הָמַן ] verb rage, be trubulent (? denominative from המון 
BDB2199	המס	root or unpointed	המס (√ of following; meaning dubious).
BDB2201	המר	root or unpointed	המר (√ of following; compare Arabic pour, pour out ).
BDB2239	הרר	root or unpointed	הרר (√ of following; meaning dubious).
BDB2246	מַהֲתַלּוֺת	word	מַהֲתַלּוֺת noun feminine plural deceptions ; — Isa 30:10 .
BDB2253	וזר	root or unpointed	וזר (√ of following; compare Arabic bear a burden , or be gu
BDB2260	ז	root or unpointed	ז ז , Zâyin , seventh letter; used as numeral 7 in modern He
BDB2261	זאב	root or unpointed	זאב (√ of following; according to Fl Bericht d. sächs. G. d.
BDB2265	זבב	root or unpointed	זבב (√ of following; compare Arabic go hither and thither (o
BDB2287	זוג	root or unpointed	זוג , זיג (apparently √ of following; ᵑ7 Late Hebrew זוג , ז
BDB2293	זהב	root or unpointed	זהב (√ of following; meaning dubious; compare Lag BN 55 Anm 
BDB2303	זוה	root or unpointed	זוה (√ of following; compare Arabic put aside or away, draw 
BDB2306	זוז	root or unpointed	I. זוז (Late Hebrew זוז move , Assyrian zâzu, move, rise com
BDB2313	זוז	root or unpointed	II. זוז ( be abundant , compare especially Assyrian zâzu , a
BDB2317	זול	root or unpointed	I. זול (probably √ of following, Arabic remove, depart ).
BDB2366	זלא	root or unpointed	זלא (√ of following; meaning unknown).
BDB2368	זלג	root or unpointed	זלג (Arabic glide, slip ; of arrow, skim, slide along ; a ki
BDB2375	זלעף	root or unpointed	זלעף (quadriliteral √ of following; see references below)
BDB2378	זִלְפָּה	word	זִלְפָּה proper name, feminine Leah's maid , one of Jacob's 
BDB2396	זמר	root or unpointed	III. זמר (√ of following; meaning dubious; DHM in MV 10, 983
BDB2404	זנב	root or unpointed	זנב (√ of following; meaning unknown).
BDB2424	זער	root or unpointed	זער (Arabic be scanty , of hair, plumage, etc.; Aramaic , זְ
BDB2431	זקן	root or unpointed	זקן (√ of following; meaning dubious).
BDB2471	זרע	root or unpointed	II. זרע (compare Arabic stretch out, extend , especially arm
BDB2484	ח	root or unpointed	ח ח , „êth, 8th letter; = numeral 8 in post Biblical Hebrew 
BDB2531	חבת	root or unpointed	חבת (√ of following; compare Arabic be obscure , IV. be lowl
BDB2534	חגּב	word	חגּב (√ of following; meaning dubious; possibly compare Arab
BDB2546	חגה	root or unpointed	חגה (√ of following; compare Arabic conceal ; , place of ref
BDB2548	חגל	root or unpointed	חגל (√ of following; Arabic , hobble, hop , whence partridge
BDB2571	חדק	root or unpointed	חדק (√ of following; Late Hebrew חִדֵּק press or thrust in ,
BDB2589	חוד	root or unpointed	I. חוד (√ of following; Arabic is decline, turn aside, avoid
BDB2595	חוה	root or unpointed	II. חוה (√ of following; Arabic collect, gather ; circle of 
BDB2602	חוח	root or unpointed	חוח (√ of following, meaning dubious).
BDB2605	חוט	root or unpointed	חוט (of following; Arabic , Aramaic , חַיֵּט sew ).
BDB2624	חום	root or unpointed	חום (√ of following; meaning dubious; Late Hebrew חום = be w
BDB2629	חוץ	root or unpointed	I. חוץ (√ of following, meaning unknown).
BDB2632	חוץ	root or unpointed	II. חוץ (√ of following; compare Arabic sew together , Arama
BDB2634	חוק	root or unpointed	חוק , חיק (√ of following; Assyrian —î ‡u , embrace , Creati
BDB2643	חוּר	word	III. חוּר = חֻר see below III. חרר .
BDB2647	חור	root or unpointed	II. חור (√ of following; compare Arabic bend, turn, incline 
BDB2675	חזה	root or unpointed	II. חזה (√ of following; Arabic III., be opposite , front , 
BDB2678	חזז	root or unpointed	חזז (√ of following; Arabic cut or notch ; pierce ( Frey )).
BDB2690	חזר	root or unpointed	חזר (√ of following; meaning dubious; perhaps compare Arabic
BDB2701	חטב	root or unpointed	II. חטב (√of following; compare Arabic be of the colour , i.
BDB2704	חטט	root or unpointed	חטט (√ of following; compare Arabic make lines, marks , line
BDB2706	חטל	root or unpointed	חטל (√of following; Arabic = be flabby (of ear), be tall, lo
BDB2711	חטר	root or unpointed	חטר (√ of following; compare Arabic lash with the tail, move
BDB2713	חטשׁ	word	חטשׁ (√ of following; meaning unknown).
BDB2729	חכל	root or unpointed	חכל (√of following; compare Arabic IV. be confused, vague ; 
BDB2741	חלא	root or unpointed	II. חלא (√of following; DHM in MV compare Sabean פחֿטאת ותחל
BDB2744	חלב	root or unpointed	חלב (√ of following; meaning unknown).
BDB2746	חלב	root or unpointed	II. חלב (√of following; perhaps compare Assyrian —alâbu , be
BDB2753	חלד	root or unpointed	I. חלד (√ of following; Arabic abide, continue , often in Qo
BDB2755	חלד	root or unpointed	II. חלד (√ of following; compare Late Hebrew חלד dig , or ho
BDB2767	חלה	root or unpointed	III. חלה ( adorn ; compare Arabic adorn , (neck-) ornament )
BDB2775	חלך	root or unpointed	חלך (√ of following; possibly (si vera lectio) compare Arabi
BDB2794	חלמשׁ	word	חלמשׁ (quadriliteral √ of following; meaning unknown).
BDB2809	חֵ֫לֶץ	word	חֵ֫לֶץ proper name, masculine see חֶלֶץ above
BDB2835	חמא	root or unpointed	חמא (√ of following; compare Arabic be hard , used of curdle
BDB2846	חמה	root or unpointed	I. חמה (√ of following; compare Arabic protect, guard , RS K
BDB2854	חמט	root or unpointed	חמט (√ of following; compare Assyrian —amâ ‰u , hasten , Prä
BDB2890	חמר	root or unpointed	III. חמר (√ of following; Late Hebrew חָמַר , heap up ; Aram
BDB2899	חמשׁ	word	I. חמשׁ (√ of following; meaning unknown).
BDB2905	חמשׁ	word	III. חמשׁ (√ of following; meaning dubious).
BDB2907	חמשׁ	word	IV. חמשׁ (√ of following; meaning dubious; perhaps compare A
BDB2909	חמת	root or unpointed	חמת (√ of following; meaning unknown; Mv and others, very im
BDB2927	חנך	root or unpointed	I. חנך (√ of following (see Arabic, Syriac); meaning unknown
BDB2997	חפן	root or unpointed	חפן (√ of following; Arabic take with both hands , handful ;
BDB3005	חפף	root or unpointed	II. חפף (Late Hebrew חָפַף ; Aramaic חֲפַף , , all rub, clea
BDB3038	חצן	root or unpointed	חצן (√ of following; meaning dubious; denominative seem to b
BDB3046	חצר	root or unpointed	I. חצר (√ of following; compare Arabic encompass, surround ;
BDB3048	חצר	root or unpointed	II. חצר (√ of following; compare Arabic be present, settle o
BDB3064	חצר	root or unpointed	III. חצר (√ of following; Arabic be green ).
BDB3066	חצר	root or unpointed	IV. חצר (assumed as √ for reduplication חצרצר whence followi
BDB3080	חרא	root or unpointed	חרא , or חרה (√ of following; meaning unknown).
BDB3099	חרגל	root or unpointed	חרגל (quadriliteral √ of following; compare Arabic run right
BDB3111	חרז	root or unpointed	חרז (√ of following; Late Hebrew חֲרַז string together , esp
BDB3115	חרט	root or unpointed	I. חרט (√ of following; Aramaic cut, scratch, tear ; compare
BDB3118	חרט	root or unpointed	II. חרט (√ of following; relation to I. חרט obscure).
BDB3123	חרך	root or unpointed	II. חרך (√ of following; meaning unknown).
BDB3125	חרל	root or unpointed	חרל (√ of following; meaning unknown).
BDB3141	חרס	root or unpointed	חרס (√ of foll.; meaning dubious).
BDB3144	חרע	root or unpointed	חרע (√ of following; perhaps compare Aramaic Ethpa`al be cle
BDB3148	חרף	root or unpointed	II. חרף (√ of following; compare Arabic gather fruit, pluck 
BDB3158	חָרוּץ	word	III. חָרוּץ noun [masculine] trench, moat (Aramaic חֲרִיצָא 
BDB3162	חרץ	root or unpointed	II. חרץ be yellow (probably √ of following: Syriac id. (rare
BDB3164	חרצב	root or unpointed	חרצב (quadriliteral √ of following; compare Arabic bind or t
BDB3171	חרר	root or unpointed	II. חרר (√ of following; Arabic be or become free , free, fr
BDB3173	חרר	root or unpointed	III. חרר (√ of following; see Assyrian —arâru , bore, pierce
BDB3177	חרשׂ	word	חרשׂ (√ of following; compare Arabic verb scratch, lacerate 
BDB3189	חרשׁ	word	III. חרשׁ (√ of following; meaning unknown).
BDB3191	חרשׁ	word	IV. חרשׁ (√ of following; meaning unknown; suggestions on et
BDB3229	חשׁן	word	חשׁן (√ of following; meaning not certain; Arabic is be exce
BDB3236	חשׁר	word	חשׁר (√ of following; compare Assyrian ašâru , collect gathe
BDB3239	חשׁשׁ	word	חשׁשׁ (√ of following; compare Arabic hasten, hurry (transit
BDB3256	חתן	root or unpointed	I. חתן (√ of following; probably circumcise ; compare Arabic
BDB3274	ט	root or unpointed	ט ט , Têth , ninth letter; = numeral 9 in post Biblical Hebr
BDB3289	טבל	root or unpointed	II. טבל (perhaps to be assumed as √ of following; compare Et
BDB3294	טבר	root or unpointed	טבר (√ of following; meaning dubious).
BDB3317	טוט	root or unpointed	טוט , טיט (√ of following; meaning unknown).
BDB3321	טוּר	word	טוּר (√ of following; compare Arabic go or hover about, appr
BDB3331	טחר	root or unpointed	טחר (√ of following; compare Arabic eject ; Aramaic טְחַר st
BDB3333	טטף	root or unpointed	טטף (perhaps √ of following; meaning dubious; Dl Pr 46 compa
BDB3338	טלה	root or unpointed	טלה (√ of following; meaning dubious; Arabic , is tie a lamb
BDB3340	טלל	root or unpointed	I. טלל (√ of following; meaning dubious; perhaps denominativ
BDB3343	טלם	root or unpointed	טלם (√ of following; perhaps compare Arabic ; Aramaic טְלַם 
BDB3353	טנא	root or unpointed	טנא (√ of following; Phoenician טנא is set up, erect , also 
BDB3375	טרה	root or unpointed	טרה (√ of following; compare Arabic , be fresh, juicy, moist
BDB3384	י	root or unpointed	י י , Yôdh , tenth letter; used as numeral 10 in post-Biblic
BDB3406	יבם	root or unpointed	יבם (apparently √ of following; meaning dubious).
BDB3421	יגן	root or unpointed	יגן (√ of following; compare Arabic beat cloth (said of a fu
BDB3440	ידד	root or unpointed	II. ידד (√ of following; love , compare Arabic love ; Aramai
BDB3485	יהץ	root or unpointed	יהץ (√ of following; Arabic break, split; valide calcavit ; 
BDB3487	יהר	root or unpointed	יהר (√ of following; compare Late Hebrew יָהַר Hithpa`el she
BDB3496	יון	root or unpointed	I. יון (√ of following; meaning unknown).
BDB3498	יון	root or unpointed	II. יון (√ of following, meaning unknown; יוֺנָה according t
BDB3503	יזה	root or unpointed	יזה (√ whence first element of following; perhaps compare Ar
BDB3506	יזע	root or unpointed	יזע (√ of following; compare Arabic fluxit aqua ( Frey ); La
BDB3522	יחף	root or unpointed	יחף (√ of following; original meaning unknown; Late Hebrew A
BDB3525	יחשׂ	word	יחשׂ (√ of following; meaning unknown; derivatives common in
BDB3533	יין	root or unpointed	יין (√ of following; meaning unknown; regarded as loan-word 
BDB3559	ילף	root or unpointed	ילף (√ of foll; meaning dubious; Arabic III. is conjunctus f
BDB3561	ילק	root or unpointed	ילק (√ of following; meaning dubious; Thes and others compar
BDB3566	ימם	root or unpointed	ימם (√ assumed for following; actual existence and meaning d
BDB3620	יעל	root or unpointed	II. יעל (√ of following; Arabic eminuit, prominuit ; see asc
BDB3627	יען	root or unpointed	יען (√ of following; according to Ges Ew GGA 1864, No. 27 Ar
BDB3634	יעף	root or unpointed	II. יעף (√ of following; compare Arabic ascend a mountain, h
BDB3639	יער	root or unpointed	I. יער (√ of following; Arabic is be rugged , of mountain, e
BDB3641	יער	root or unpointed	II. יער ( √ of following; meaning dubious; MV identification
BDB3681	יקב	root or unpointed	יקב (√ of following; compare Arabic be sunk, depressed ; hol
BDB3687	יָקְדְעָם	word	יָקְדְעָם proper name, of a location a city of Judah Josh 15
BDB3688	יקה	root or unpointed	יקה (√ of following; compare Arabic preserve (from evil, or 
BDB3691	יקהּ	word	יקהּ (√ of following; compare Arabic be obedient ; so Assyri
BDB3693	יָקוֺט	word	יָקוֺט Job 8:14 see קוט . יְקוּם , יְקִּים , יְקַמְיָה , יְק
BDB3733	ירח	root or unpointed	ירח (√ of following; meaning dubious; according to MV Buhl =
BDB3741	ירך	root or unpointed	ירך (√ of following; meaning dubious).
BDB3750	ירק	root or unpointed	I. ירק (√ of following; Late Hebrew Hiph`il; Aramaic Aph`el 
BDB3785	ישׁה	word	ישׁה (√ of following; meaning uncertain; accusative Fl De Pr
BDB3789	ישׁח	word	ישׁח (√ of following, si vera lectio)
BDB3808	שׁוֺעַ	word	II. שׁוֺעַ Isa 22:5 , see below [ שָׁוַע ].
BDB3809	שׁוֺעַ	word	III. שׁוֺעַ proper name, of a people Ezek 23:23 , see ׳ שׁ
BDB3834	ישׁשׁ	word	ישׁשׁ (√ of following; compare Arabic weak or impotent man, 
BDB3838	יתד	root or unpointed	יתד (√ of following; meaning dubious; Arabic drive in peg, b
BDB3840	יְתוּר	word	יְתוּר Job 39:8 , see תור . יִתְלָה see תלה .
BDB3841	יתח	root or unpointed	יתח (assumed by Thes as √ of following; compare Arabic beat 
BDB3843	יתם	root or unpointed	יתם (√ of following; compare Arabic , be alone, bereaved , A
BDB3846	יתן	root or unpointed	יתן (√ of following; compare Arabic be perpetual, never-fail
BDB3880	כבב	root or unpointed	כבב (√ of following, compare Sta § 116, 3 ; meaning not whol
BDB3892	כבל	root or unpointed	כבל (√ of following = bind ; Late Hebrew כָּבַל bind , כֶּבֶ
BDB3894	כבן	root or unpointed	כבן (√ of following, meaning dubious; Late Hebrew כָּבַן , A
BDB3904	כבר	root or unpointed	II. כבר (√ of following; ? to intertwine, net ; Late Hebrew 
BDB3916	כדד	root or unpointed	כדד (√ of following; Arabic is toil severely ; fatigue, wear
BDB3920	כדר	root or unpointed	כדר (√ of following; compare Arabic VII. shoot or rush down 
BDB3930	כהן	root or unpointed	כהן (√ of following; meaning dubious, see Dr 2Sam 8:18 ; Ara
BDB3942	כום	root or unpointed	כום (√ of following; Arabic II. is heap up, accumulate ; hea
BDB3958	כור	root or unpointed	I. כור (√ of following; perhaps be or make round , hence fur
BDB3982	כזר	root or unpointed	כזר (√ of following; Aramaic Ethpe`el be cruel ( ᵑ7 Job 10:1
BDB3989	כחח	root or unpointed	כחח (√ assumed by Thes Buhl and others for following Ba NB 7
BDB3999	כיד	root or unpointed	כיד (√ of following; compare perhaps Arabic in sense labour,
BDB4012	כלב	root or unpointed	כלב (√ of following; meaning unknown; Thes regards כֶּלֶב as
BDB4029	כלה	root or unpointed	II. כלה (√ of following; meaning unknown).
BDB4031	כלח	root or unpointed	כלח (√ of I. כֶּלַח , meaning dubious; Arabic is contract th
BDB4042	כלל	root or unpointed	II. כלל (assumed as √ of following, but dubious; cf Late Heb
BDB4057	כמז	root or unpointed	כמז (√ of following; meaning dubious; Arabic is bunch, heap 
BDB4060	כמן	root or unpointed	כמן (√ of following (si vera l); perhaps be hidden ; compare
BDB4066	כמר	root or unpointed	II. כמר (? √ of following; compare Syriac black, dark , usua
BDB4068	כמר	root or unpointed	III. כמר (√ of following; compare Assyrian kamâru , overthro
BDB4074	כמת	root or unpointed	כמת (√ of following, meaning unknown).
BDB4081	כנן	root or unpointed	I. כנן (√ of following; parallel form of כון ; be firm, subs
BDB4086	כנן	root or unpointed	II. כנן (√ of following; meaning dubious;see conjectures in 
BDB4098	כנף	root or unpointed	כנף √ of following (meaning dubious; Arabic fence in, enclos
BDB4101	כנר	root or unpointed	כנר (possibly √ of following; meaning unknown).
BDB4113	כסה	root or unpointed	II. כסה (√ of following; probably bind ; compare Assyrian ka
BDB4148	כפס	root or unpointed	כפס (perhaps √ of following; compare ᵑ7 . כְּפַס Esth 1:6 bi
BDB4153	כפר	root or unpointed	I. כפר (of following; original meaning dubious, but most pro
BDB4158	כפר	root or unpointed	II. כפר (√ of following).
BDB4161	כפר	root or unpointed	III. כפר (√ of following).
BDB4167	כְּפִירִים	word	כְּפִירִים Neh 6:2 , probably = foregoing ( ᵐ5 and others ap
BDB4168	כפר	root or unpointed	IV. כפר (√ of following, = dig ? compare Sabean כפר , verb d
BDB4175	כַּר	word	I. כַּר basket-saddle , see below כור .
BDB4177	כַּר	word	III. כַּר lamb see below כרר .
BDB4189	כרך	root or unpointed	כרך (√ of following; compare Aramaic כְּרַךְ enwrap, surroun
BDB4191	כרכב	root or unpointed	כרכב quadril. (√ of following; compare Late Hebrew כִּרְכֵּב
BDB4208	כָּרַר	word	[ כָּרַר ] verb √ of following (Late Hebrew כִּרְכֵּר use ci
BDB4212	כרשׂ	word	כרשׂ √ of following (Arabic be wrinkled ).
BDB4229	כשׁף	word	I. כשׁף (√ of following; compare Arabic cut off, cut up , Sy
BDB4233	כשׁף	word	II. כשׁף (√ of following).
BDB4244	כתל	root or unpointed	כתל (√ of following; compare Arabic make into firm lumps or 
BDB4248	כתם	root or unpointed	II. כתם (√ of following; meaning unknown).
BDB4251	כתן	root or unpointed	כתן (√ of following, = clothe ? so Zehnpf BAS i, 532 , who d
BDB4253	כתף	root or unpointed	כתף (√ of following; meaning unknown).
BDB4271	לאב	root or unpointed	לאב (√ of following, compare Arabic (medial ) be thirsty , a
BDB4279	לאך	root or unpointed	לאך (√ of מַלְאָךְ מְלָאכָה , compare Arabic , send , messen
BDB4285	לאם	root or unpointed	לאם (√ of following; compare Arabic bind up , or together , 
BDB4288	לבא	root or unpointed	לבא (√ of following; see Arabic , , lioness , compare לָבִיא
BDB4293	לבב	root or unpointed	לבב (meaning dubious; Dl Pr. 88 ff. finds original meaning i
BDB4301	לְבַד	word	לְבַד alone see בַּד below בדד above
BDB4302	לַבָּה	word	[ לַבָּה ], לַבַּת Exod 3:2 see לֶהָבָה below להב .
BDB4328	להב	root or unpointed	להב √ of following (compare Arabic be thirsty [probably burn
BDB4334	להג	root or unpointed	להג √ of following (Arabic be devoted, attached to a thing, 
BDB4338	לִהְלֵהַּ	word	[ לִהְלֵהַּ ] verb quadriliteral amaze, startle (compare Syr
BDB4353	לוה	root or unpointed	III. לוה (√ of following; compare Arabic turn, twist, wind ;
BDB4361	לוח	root or unpointed	לוח (√ of following, meaning unknown; compare perhaps Arabic
BDB4372	לולו	root or unpointed	לולו (apparently secondary √ from III. לוה turn, twist, wind
BDB4384	לחה	root or unpointed	לחה (√ of following, possibly from smoothness , compare Arab
BDB4387	לחח	root or unpointed	לחח (√ of following; compare Ethiopic . II. I. moisten, cool
BDB4405	לטא	root or unpointed	לטא (√ of following; meaning unknown).
BDB4414	לישׁ	word	לישׁ (√ of following, Thes לושׁ ; perhaps = be strong ( Thes
BDB4443	לפד	root or unpointed	לפד (√ of following; meaning unknown).
BDB4462	לקשׁ	word	לקשׁ (√ of following; Late Hebrew לקשׁ be late (Hiph`il and 
BDB4466	לשׁד	word	לשׁד (√ of following, compare Arabic suck, lick (Ethiopic bu
BDB4468	לשׁך	word	לשׁך (√ of foll; meaning unknown).
BDB4472	לשׁן	word	לשׁן (√ of following; Thes conjectures original meaning lick
BDB4477	לתח	root or unpointed	לתח (√ of following; meaning unknown; Thes conjectures sprea
BDB4479	לתך	root or unpointed	לתך (√ of following, meaning unknown, compare Lag Or. ii. 32
BDB4481	מ	root or unpointed	מ מ ם , Mem , thirteenth letter; used as numeral 40 in Post-
BDB4482	מאד	root or unpointed	מאד (√ of following Assyrian ma'âdu , be many, increase ; ma
BDB4486	מאם	root or unpointed	מאם (√ of following, meaning unknown; Ol § 205 proposes √ או
BDB4488	מוּם	word	מוּם noun masculine Lev 21:17 (= foregoing; quiescent א omit
BDB4497	מאץ	root or unpointed	מאץ (compare Arabic a kind of white camel, whence Lag BN 29 
BDB4503	מגד	root or unpointed	מגד (√ of following; compare Arabic , , be glorious, excel i
BDB4516	מדה	root or unpointed	מדה (secondary form of מדד ; √ of following)
BDB4531	מהר	root or unpointed	II. מהר ( √ of following; compare probably Assyrian mâru , s
BDB4534	מו	root or unpointed	I. מו a paragogic syllable, attached to בְּ , כְּ , לְ (q. v
BDB4539	מוד	root or unpointed	I. מוד (√ of following; apparently secondary form of מדד , c
BDB4550	מוץ	root or unpointed	מוץ (√ of following, meaning unknown).
BDB4564	(לְ)מוֺתָם	word	(לְ)מוֺתָם Ps 73:4 see [ חַרְצֻבָּה ] and תָּם 1.
BDB4566	מזג	root or unpointed	מזג ( √ of following = mix, compare Syriac and derivatives; 
BDB4568	מזה	root or unpointed	מזה (√ of following; probably compare Arabic suck out , comp
BDB4574	מזר	root or unpointed	I. מזר (? √ of following so Thes 781 compare Ba NB §164 c ; 
BDB4576	מזר	root or unpointed	II. מזר (√ of following, si vera lectio; possibly = spread o
BDB4586	מחח	root or unpointed	מחח (√ of following; compare Arabic IV. be fat , also contai
BDB4602	מחר	root or unpointed	מחר (√ of following; be in front of meet , compare Assyrian 
BDB4607	מטל	root or unpointed	מטל (√ of following; compare Arabic strike, beat, extend by 
BDB4628	מין	root or unpointed	מין , מון (√ of following; dubious; Fl in Levy NHWB iii. 310
BDB4631	מיץ	root or unpointed	[ מיץ ] (√ following = press, squeeze , compare Late Hebrew 
BDB4659	מלח	root or unpointed	II. מלח (√ of following; meaning dubious).
BDB4668	מלך	root or unpointed	I. מלך (√ of following; meaning dubious; Thes compare Arabic
BDB4721	מנח	root or unpointed	מנח (√ of following; compare Arabic lend, give a gift , loan
BDB4725	מנן	root or unpointed	מנן (of following; Arabic is praecidit funem, diminuit numer
BDB4751	מעה	root or unpointed	מעה (√ of following; meaning dubious).
BDB4755	מעז	root or unpointed	מעז (√ of following).
BDB4779	מצח	root or unpointed	מצח (√of following)
BDB4784	מצר	root or unpointed	מצר (√ of following)
BDB4795	מרא	root or unpointed	II. מרא (√ of following, be fat ; compare Assyrian marû III.
BDB4828	מרק	root or unpointed	II. מרק (√ of following; compare Arabic fill a pot with rich
BDB4847	מרר	root or unpointed	II. מרר (√ of following; perhaps (so Thes ) compare Arabic p
BDB4882	משׁע	word	משׁע (compare Assyrian misû , cleanse , wash , compare Dl HW
BDB4885	משׁקֹ	word	משׁקֹ (assumed as √ of two following, but wholly dubious).
BDB4893	מתג	root or unpointed	מתג (√ of following; meaning unknown).
BDB4898	מתן	root or unpointed	מתן (√ of following; Arabic be stout, firm, enduring ( Frey 
BDB4908	נ	root or unpointed	נ נ , ן , Nûn , fourteenth letter; used as numeral 50 in pos
BDB4914	נאם	root or unpointed	נאם √ of following; compare groan, sigh ; perhaps also Late 
BDB4927	נבא	root or unpointed	נבא (√ of following; ** see in Biblical Aramaic Appendix. Ew
BDB4947	נבל	root or unpointed	I. נבל (√ of following; meaning dubious).
BDB4960	נגב	root or unpointed	נגב (√ of following = be dry, parched , Late Hebrew נָגַב , 
BDB4971	נגל	root or unpointed	נגל (√ of following, meaning unknown; Arabic is strike, spli
BDB4996	נדד	root or unpointed	II. נדד (√ of following, see Kö ii. 1, 42 ; compare Arabic h
BDB4999	נדה	root or unpointed	II. נדה (√ of following; compare Arabic be moist, moistened 
BDB5015	הִי	word	הִי noun [masculine] si vera lectio, wailing (= (נְ)הִי ) q.
BDB5040	נוהּ	word	נוהּ (probably √ of following, si vera lectio, compare Arabi
BDB5043	נוה	root or unpointed	II. נוה (√ of following, meaning dubious; Arabic is aim at, 
BDB5082	נוף	root or unpointed	II. נוף (√ of following; compare Arabic , I, IV. overtop ( F
BDB5087	נור	root or unpointed	נור (√ of following; compare Late Hebrew נוּר , flame, fire 
BDB5098	נזם	root or unpointed	נזם (√ of following; meaning unknown).
BDB5107	נחל	root or unpointed	I. נחל (√ of following; compare Arabic give for one's own, b
BDB5111	נָחַל	word	II. נָחַל (√ of following; meaning unknown).
BDB5129	נחר	root or unpointed	נחר (probably onomatopoetic √ of following; compare Assyrian
BDB5135	נחשׁ	word	I. נחשׁ (apparently onomatopoetic √ of following = hiss , so
BDB5141	נחשׁ	word	III. נחשׁ (√ of following, meaning unknown).
BDB5147	נחשׁ	word	IV. נחשׁ (possibly √ of following, si vera lectio; but preci
BDB5184	ניר	root or unpointed	II. ניר (√ of following; compare Late Hebrew נִיר , Arabic S
BDB5190	נכד	root or unpointed	נכד (√ of following, meaning uncertain; Ethiopic = gens, sti
BDB5195	נָכוֺן	word	I. נָכוֺן noun [masculine] = blow Job 12:5 according to Schu
BDB5198	נכח	root or unpointed	נכח (√ of following: probably be in front of ; Lag BN 30 com
BDB5208	נכר	root or unpointed	II. נכר (√ of following, possibly = I. נכר , whence the fore
BDB5219	נמל	root or unpointed	נמל (√ of following, meaning unknown).
BDB5221	נמר	root or unpointed	נמר (√ of following, meaning dubious; possibly compare Assyr
BDB5246	נסע	root or unpointed	II. נסע (√ of following; possibly Arabic throw ( puncture, w
BDB5268	נעם	root or unpointed	II. נעם (perhaps to be assumed as √ of following, Ne Marg. 1
BDB5270	נעץ	root or unpointed	נעץ (√ of following; Late Hebrew נָעַץ prick, stick or thrus
BDB5276	נער	root or unpointed	III. נער (√ of following; meaning unknown).
BDB5309	נפשׁ	word	נפשׁ (√ of following; compare Arabic soul, life, person, liv
BDB5333	נצח	root or unpointed	II. נצח (√ of following; compare Arabic , Lane 2806, 2807 sp
BDB5344	נצץ	root or unpointed	II. נצץ (√ of following; compare Phoenician proper name, of 
BDB5348	נצר	root or unpointed	II. נצר (√ of following; compare perhaps Arabic be fresh, br
BDB5357	נקד	root or unpointed	I. נקד ( √ of following; Late Hebrew נָקַד point, furnish wi
BDB5361	נקד	root or unpointed	II. נקד (√ of following; compare Arabic a kind of small shee
BDB5377	נקק	root or unpointed	נקק (√ of following compare Ethiopic rima, fissura Di 645 ; 
BDB5399	נשׂר	word	נשׂר (√ of following; Late Hebrew נָסַר saw (Qal, Pi`el); Ar
BDB5434	נתב	root or unpointed	נתב (√ of following; Arabic swell forth, become prominent, p
BDB5465	ס	root or unpointed	ס ס , Samekh , fifteenth letter; used as numeral 60 in Post-
BDB5495	סגל	root or unpointed	סגל (√ of following; compare Late Hebrew סְגוּלָּה as Biblic
BDB5507	סדר	root or unpointed	סדר (√ of following; compare Assyrian sadâru , arrange in or
BDB5511	סהר	root or unpointed	סהר (√ of following = be round ?; compare Late Hebrew סַ֫הַר
BDB5518	סוד	root or unpointed	סוד (check of following; perhaps kindred with יסד (compare י
BDB5521	סוה	root or unpointed	סוה (√ of following; compare Phoenician סוית curtain, veil ?
BDB5618	סלל	root or unpointed	II. סלל (√ of following; compare Late Hebrew סִלְסֵל plait, 
BDB5621	סלע	root or unpointed	סלע (√ of following; compare Arabic cleave, split , cleft, f
BDB5635	סמם	root or unpointed	סמם (√ of following; meaning dubious; if akin to Arabic smel
BDB5656	סעף	root or unpointed	סעף (√ of following; apparently = cleave, divide ; compare p
BDB5666	ספא	root or unpointed	ספא (√ of following; compare Late Hebrew סָפָא , ספי give to
BDB5672	ספח	root or unpointed	II. ספח (√ of following; apparently pour out ; compare Arabi
BDB5676	ספח	root or unpointed	III. ספח (√ of following; meaning dubious).
BDB5686	ספף	root or unpointed	ספף (√ of following, meaning unknown).
BDB5709	סרד	root or unpointed	סרד (√ of following; Thes . compare Syriac be frightened ).
BDB5731	ע	root or unpointed	ע ע , `Ayin , sixteenth letter; used as numeral 70 in Post-B
BDB5732	עבב	root or unpointed	עבב (√ of following, compare Kö ii. 1, 40 ; meaning unknown)
BDB5755	עבט	root or unpointed	עבט (perhaps √ of following; compare Assyrian ubbu‰u° (II. o
BDB5759	עבל	root or unpointed	עבל (√ of following; compare possibly Arabic be bulky, stout
BDB5763	עבץ	root or unpointed	עבץ ( √ of following; meaning unknown).
BDB5779	מַעְבָּרָה	word	מַעְבָּרָה noun feminine ford, pass, passage ; — absolute ׳ 
BDB5788	עגל	root or unpointed	עגל (√ of following; compare Late Hebrew עָגַל Niph`al berou
BDB5800	עגר	root or unpointed	עגר (√ of following, meaning dubious; conjectures in Meier W
BDB5802	עדד	root or unpointed	עדד (√ of following; compare Arabic count, reckon , number, 
BDB5816	עדל	root or unpointed	I. עדל (√ of following; possibly = Arabic act equitably (so 
BDB5818	עדל	root or unpointed	II. עדל (√ of foll.; compare Arabic turn aside , whence עֲדֻ
BDB5821	עדן	root or unpointed	I. עדן (√ of foll.; compare Arabic mollities, lanquor , etc.
BDB5832	עדן	root or unpointed	II. עדן (√ of following; compare perhaps Assyrian edinu , pl
BDB5846	עוב	root or unpointed	עוב (√ of following; compare Arabic , be absent, hidden , of
BDB5849	עוג	root or unpointed	עוג (√ of following, compare Late Hebrew id. draw a circle ,
BDB5868	עוה	root or unpointed	II. עוה (√ of following, compare Arabic err from the way , E
BDB5879	עול	root or unpointed	II. עול (√ of following; compare Arabic , feed, nourish ; se
BDB5881	עול	root or unpointed	III. עול (√ of following, compare Arabic , deviate from (rig
BDB5902	תְּעֻפָה	word	תְּעֻפָה noun feminine id.; — so read probably for תָּעֻ֫פָה
BDB5927	עור	root or unpointed	III. עור (√ of following; meaning unknown).
BDB5982	עזר	root or unpointed	II. עזר (√ of following; connection with I. ׳ ע dubious; com
BDB5989	עטן	root or unpointed	עטן (√ of following; Late Hebrew עָמַן put olives into vat o
BDB6000	עטשׁ	word	עטשׁ (√ of following; Late Hebrew עָטַשׁ sneeze ; Aramaic in
BDB6041	עיר	root or unpointed	עיר (√ of following; compare Arabic , go away, go hither and
BDB6053	עכן	root or unpointed	עכן (√ of following; meaning unknown).
BDB6056	עכס	root or unpointed	עכס (√ of following; Arabic is reverse, tie backward , whenc
BDB6066	עלג	root or unpointed	עלג (√ of following, compare לעג , and see especially Lag M 
BDB6101	עלל	root or unpointed	II. עלל (√ of following; possibly = I. עלל ( Kö ii. 1, 106 )
BDB6114	עלם	root or unpointed	II. עלם (√ of following; perhaps originally be mature (sexua
BDB6118	עלם	root or unpointed	III. עלם (√ of following, meaning dubious; compare Late Hebr
BDB6126	עלק	root or unpointed	עלק (√ of following; compare Arabic hang, be suspended, clea
BDB6134	עמה	root or unpointed	עמה (√ of following; compare Assyrian emû, be united, associ
BDB6143	עָמַם	word	I. עָמַם verb (√ of following compare Arabic be comprehensiv
BDB6171	עמר	root or unpointed	I. עמר (√ of following; meaning dubious, perhaps related to 
BDB6178	עמר	root or unpointed	III. עמר (√ of following; compare Arabic , live, live long ;
BDB6185	ענב	root or unpointed	ענב (√ of following; compare Late Hebrew עֵנָב = Biblical He
BDB6219	ענז	root or unpointed	ענז (√ of following; Kö ii. 1, 38 compare Arabic turn aside 
BDB6225	ענן	root or unpointed	I. ענן (√ of following, perhaps originally cover , as Sabean
BDB6233	ענף	root or unpointed	ענף (√ of following; meaning unknown; Late Hebrew עָנָף = Bi
BDB6236	ענק	root or unpointed	ענק (√ of following, meaning dubious; compare Arabic , , nec
BDB6241	ענשׁ	word	ענשׁ (√ of following; meaning dubious; compare (as denominat
BDB6256	עפר	root or unpointed	I. עפר (√ of following; meaning dubious; compare Arabic dust
BDB6259	עפר	root or unpointed	II. עפר (√ of following; compare Arabic young of mountain-go
BDB6277	עצד	root or unpointed	עצד (√ of following; compare Arabic lop trees with a , a kin
BDB6280	עצה	root or unpointed	II. עצה (√ of following; meaning dubious; compare Sabean עצֿ
BDB6283	עצה	root or unpointed	III. עצה (√ of following; meaning dubious; compare Assyrian 
BDB6285	עצה	root or unpointed	IV. עצה (√ of following; Lag BN 157 compare a land abounding
BDB6308	עקב	root or unpointed	עקב (√ of following, meaning dubious: Thes assumes be protub
BDB6321	עקד	root or unpointed	II. עקד (√ of following; usually identified with I, whence ע
BDB6323	עקה	root or unpointed	עקה (√ of following; cf Arabic hinder ).
BDB6329	עקר	root or unpointed	עקר (√ of following; meaning dubious; compare Aramaic עִקָּר
BDB6345	ערב	root or unpointed	I. ערב (√ of foll; probably * עָרֵב mix ; Late Hebrew עָרַב 
BDB6356	ערב	root or unpointed	IV. ערב (√ of following; possibly be arid ; Thes compare Eth
BDB6362	ערב	root or unpointed	V. ערב (√ of following; compare Assyrian erêbu , enter, go i
BDB6366	ערב	root or unpointed	VI. ערב (√ of following; compare Arabic be black , crow (rav
BDB6387	ערל	root or unpointed	ערל (√ of following; meaning dubious; compare Arabic foreski
BDB6393	ערם	root or unpointed	II. ערם (√ of following; compare Arabic strip flesh from bon
BDB6399	ערס	root or unpointed	ערס (√ of following).
BDB6401	ערף	root or unpointed	I. ערף (√ of following; meaning dubious; Late Hebrew עוֺרֶף 
BDB6414	ערר	root or unpointed	I. ערר (√ of following; on this [and not עור ] see Nö ZMG xx
BDB6422	ערשׂ	word	ערשׂ (√ of following; compare Arabic booth, shed, throne , g
BDB6424	ערשׁ	word	ערשׁ (√ of following; meaning unknown).
BDB6426	עשׂב	word	עשׂב (√ of following; meaning dubious; compare Assyrian ešêb
BDB6440	עשׂר	word	עשׂר (√ of following; apparently gather, unite , compare Ara
BDB6450	עשׁן	word	עשׁן (√ of following; compare Arabic ascend , Lag BN 51 (pla
BDB6484	עתל	root or unpointed	עתל (√ of following; perhaps = Assyrian atâlu , grow great ,
BDB6499	עתר	root or unpointed	III. עתר (√of following)
BDB6501	פ	root or unpointed	פ פ , פּ , ף , Pê , seventeenth letter; used as numeral 80 i
BDB6507	פאר	root or unpointed	II. פאר (doubtful √).
BDB6513	פגג	root or unpointed	פגג (√ of following; meaning dubious; Late Hebrew פַּגָּה un
BDB6515	פגל	root or unpointed	פגל (√ of following; meaning dubious; Arabic ( , ) is be thi
BDB6564	פור	root or unpointed	I. פור (check of following; possibly foam , compare Arabic (
BDB6583	פחח	root or unpointed	פחח (√ of following; meaning dubious; compare Aramaic פָּחָא
BDB6587	פחם	root or unpointed	פחם (√ of following; compare probably Arabic be black , Late
BDB6589	פחת	root or unpointed	פחת (√ of following; compare Arabic cut off , VII. be perfor
BDB6601	פיד	root or unpointed	פיד , פוד (√ of following; compare Arabic , die , , pass awa
BDB6604	פים	root or unpointed	פים , perhaps < פאם (√ of following, compare Arabic fill , I
BDB6610	פכך	root or unpointed	פכך (√ of following; compare Late Hebrew פֵּךְ flask , also 
BDB6614	פלא	root or unpointed	פלא (√ of following; separate from the ordinary, distinguish
BDB6640	פַּלְטִי	word	I. פַּלְטִי adjective, of a people see בֵּית פָּ֑לֶט
BDB6652	פלך	root or unpointed	פלך (√ of following; compare Arabic II. be round (especially
BDB6664	פלס	root or unpointed	פלס , פלשׂ (√ of following;? be even, balance ).
BDB6686	פנן	root or unpointed	פנן (√ of following; apparently || from of פנה ).
BDB6703	פסס	root or unpointed	I. פסס (√ of following; perhaps compare פשׂת spread ; compar
BDB6748	פקע	root or unpointed	פקע (√ of following, meaning dubious; Late Hebrew פָּקַע spl
BDB6752	פרא	root or unpointed	II. פרא (√ of foll.; Jen Cosmol. 110 compare Talmud פרא run 
BDB6758	פרד	root or unpointed	II. פרד (√ of following; compare Syriac flee, flee away , so
BDB6768	פרז	root or unpointed	פרז (√ of following; compare Arabic remove, separate depress
BDB6782	פרך	root or unpointed	I. פרך (√ of following; Late Hebrew פָּרַךְ rub, chafe, crum
BDB6784	פרך	root or unpointed	II. פרך (√ of following; compare Assyrian parâku , bar, shut
BDB6794	פרע	root or unpointed	I. פרע (√ of following; compare perhaps Arabic overtop , fig
BDB6799	פרע	root or unpointed	II. פרע (√ of following; compare Syriac sprout ; Assyrian pi
BDB6811	פרץ	root or unpointed	II. פרץ (√ of following; compare Arabic notch, make mark by 
BDB6819	פרר	root or unpointed	III. פרר (√ of following; compare Late Hebrew פַּר פָּרָה = 
BDB6829	פרשׁ	word	III. פרשׁ (√ of following; compare Aramaic פְּרַת Pa`el (rar
BDB6832	פרשׁ	word	IV. פרשׁ (√ of following; meaning dubious; against Lag BN 50
BDB6885	פתן	root or unpointed	פתן (√ of following; meaning dubious; Hilpr Babylonian Exped
BDB6898	צ	root or unpointed	צ צ , ץ , ‚a-dê , eighteenth letter; used as numeral 90 in p
BDB6900	צאן	root or unpointed	צאן (√ of following; Dl Pr 87 f.; HWB compare Assyrian ƒênu 
BDB6905	צבב	root or unpointed	I. צבב (√ of following; compare Assyrian ƒumbu (=* ƒubbu ), 
BDB6907	צבב	root or unpointed	II. צבב (√ of following; compare Arabic cleave to ground ; L
BDB6912	צבה	root or unpointed	II. צבה (√ of following; meaning dubious; Dl Pr 159 Buhl and
BDB6914	צבה	root or unpointed	III. צבה (√ of following; Late Hebrew צְבִי , צְבִיָה = Bibl
BDB6921	צבע	root or unpointed	I. צבע (√ of following; Late Hebrew צָבַע dye ; Assyrian ƒib
BDB6924	צבע	root or unpointed	II. צבע (√ of following; compare Arabic point Lag BN 20. 21 
BDB6926	צבע	root or unpointed	III. צבע (perhaps √ of following; compare Arabic limp (so La
BDB6931	צבת	root or unpointed	צבת (√ of following; Late Hebrew צָבַת bind, unite ; Assyria
BDB6933	צדד	root or unpointed	צדד (√of following; compare Arabic turn away , then shun, al
BDB6940	צדק	root or unpointed	צדק (√of following; Late Hebrew, Aramaic in derivatives; com
BDB6952	צהר	root or unpointed	צהר ( √of following; compare Arabic appear, mount , back , m
BDB6959	צוא	root or unpointed	צוא (√of following; compare Syriac be foul , Ethiopic ; prob
BDB6974	צוד	root or unpointed	II. צוד (√ of following; relation to I. צוד dubious; compare
BDB6984	צול	root or unpointed	צול (√of following, compare miƒwal (in Syria), a stone-lined
BDB6990	צוע	root or unpointed	צוע (√ of following; compare Arabic form, fashion ).
BDB7009	צור	root or unpointed	I. צור (√of following; compare possibly Arabic ( ) cause to 
BDB7019	צור	root or unpointed	V. צור (√of following; || III. צרר ; compare SI 3 ; SI 6 צר 
BDB7026	צחה	root or unpointed	צחה (√of following; Arabic ( ) be cloudless , so Ethiopic Ar
BDB7033	צחן	root or unpointed	צחן (√ of following; Late Hebrew צַחֲנָה = Biblical Hebrew; 
BDB7038	צחר	root or unpointed	צחר (√ of following; compare Arabic XI. dry up, become yello
BDB7048	ציה	root or unpointed	ציה צוה (√ of following; Arabic be parched , so Aramaic צְוָ
BDB7057	ציר	root or unpointed	I. ציר (√ of following; compare ( ) become, attain to go ; p
BDB7059	ציר	root or unpointed	II. ציר (√ of following; ? turn, revolve ; Late Hebrew צִיר 
BDB7066	צלח	root or unpointed	III. צלח (√ of following; Late Hebrew צְלֹחִית = Biblical He
BDB7085	צלל	root or unpointed	IV. צלל (√ of following; meaning dubious; Ethiopic is unleav
BDB7087	צלם	root or unpointed	צלם (√ of following; Nö ZMG xi (1886), 733 f. compare Arabic
BDB7093	צלע	root or unpointed	I. צלע (√ of following; compare Arabic , decline, deviate , 
BDB7113	צמם	root or unpointed	צמם (√ of following; compare Arabic draw together , or banda
BDB7118	צמר	root or unpointed	צמר (√ of following; Late Hebrew צֶמֶר = Biblical Hebrew; Et
BDB7129	צנן	root or unpointed	I. צנן (√ of following; meaning obscure).
BDB7133	צנן	root or unpointed	II. צנן (√ of following; Late Hebrew צָנַן be cold , so Jewi
BDB7135	צנן	root or unpointed	III. צנן (√ of following; Thes (so Di Lex ) compare Arabic p
BDB7139	צָנוּעַ	word	[ צָנוּעַ ] adjective modest (on formation compare Ba BN § 3
BDB7144	צנק	root or unpointed	צנק (√ of following; compare Samaritan shut up or in , and p
BDB7146	צנר	root or unpointed	צנר (√ of following; Late Hebrew צִנּוֺר = Biblical Hebrew (
BDB7153	צעד	root or unpointed	II. צעד (√ of following; meaning unknown).
BDB7160	צעף	root or unpointed	צעף (√ of following; compare Arabic III. make double , doubl
BDB7187	צפח	root or unpointed	צפח (√ of following; compare Arabic II. make wide, broad ; a
BDB7200	צפע	root or unpointed	I. צפע (√ of following; meaning dubious, perhaps hiss , onom
BDB7203	צפע	root or unpointed	II. צפע (√ of following; compare Arabic cacavit , , Ethiopic
BDB7205	צפע	root or unpointed	III. צפע (√ of following; meaning unknown).
BDB7210	צפר	root or unpointed	II. צפר (√ of following; compare Arabic peep, twitter whistl
BDB7214	צפר	root or unpointed	III. צפר (√ of following; compare Arabic plait, braid , Ethi
BDB7216	צפר	root or unpointed	IV. צפר (√ of following; meaning dubious; Late Hebrew = Bibl
BDB7218	צפר	root or unpointed	V. צפר (√ of following; Aramaic צְפִירָצ , = צָפִיר ; perhap
BDB7233	צרה	root or unpointed	צרה (√ of following; compare Arabic ( , ) of vein, run blood
BDB7238	צרח	root or unpointed	II. צרח (√ of following; compare Arabic dig a , also cleave 
BDB7240	צרך	root or unpointed	צרך (√ of following; Late Hebrew צָרַךְ have need of ; Arabi
BDB7242	צרע	root or unpointed	צרע (√ of following; compare perhaps Arabic throw down, pros
BDB7265	צרר	root or unpointed	III. צרר (√ of following; compare Arabic be sharp (? denomin
BDB7274	ק	root or unpointed	ק ק , Kôph , 19th letter; = 100 in post-Biblical Hebrew. [ ק
BDB7276	קבב	root or unpointed	I. קבב (√ of following; compare Arabic arch, dome (hence 'al
BDB7280	קבה	root or unpointed	קבה (√ of following (compare Dl Pr 113 Kö ii.1, 185 ): Arabi
BDB7296	קדד	root or unpointed	II. קדד (√ of following; meaning dubious.; Late Hebrew קָדְק
BDB7302	קדם	root or unpointed	קדם (√ of following; be before, in front , compare Assyrian 
BDB7321	קדשׁ	word	קדשׁ (√ of following; possibly original idea of separation, 
BDB7331	קהל	root or unpointed	קהל (√ of following; compare Sabean קהל , קהלת assembly, con
BDB7358	קול	root or unpointed	קול (√ of following; Assyrian kâlu , speak , call , cry (Tel
BDB7372	מָקוֺם	word	מָקוֺם , מָקֹם ( Exod 29:31 , etc.) 399 noun masculine Gen 1
BDB7381	קוץ	root or unpointed	II. קוץ (√ of following; compare perhaps Late Hebrew, ᵑ7 קוּ
BDB7387	קור	root or unpointed	II. קור (√ of following; compare Arabic ( ) see turn, twist 
BDB7392	קטב	root or unpointed	קטב (√ of following; compare ᵑ7 קְטַב cut off (rare); in Ara
BDB7402	קטר	root or unpointed	I. קטר (√ of following; compare Assyrian ‡utru (with ת ) smo
BDB7420	קין	root or unpointed	קין (√ of following; compare Arabic fit together, fabricate 
BDB7430	קיץ	root or unpointed	II. קיץ (√ of following; usually taken as = I. קיץ but conne
BDB7444	קלט	root or unpointed	I. קלט (√ of following; Late Hebrew קָלַט take up, in, harbo
BDB7467	קמח	root or unpointed	קמח (√ of following; Assyrian ‡amû , perhaps crush, grind ; 
BDB7473	קמשׂ	word	קמשׂ (√ of following; meaning unknown).
BDB7475	קנא	root or unpointed	קנא (√ of following; Arabic become intensely red (or black) 
BDB7485	קנה	root or unpointed	II. קנה (√ of following; compare Assyrian ‡anû , reed ; Arab
BDB7491	קנן	root or unpointed	קנן (√ of following; meaning? Late Hebrew קֵן nest , Assyria
BDB7494	קנץ	root or unpointed	קנץ (√ of following, si vera lectio; compare Arabic catch, c
BDB7497	קסם	root or unpointed	קסם (√ of following; apparently originally divide, assign (d
BDB7503	קעקע	root or unpointed	קעקע (√ of following; Late Hebrew קִעְקַע usually pull, tear
BDB7505	קער	root or unpointed	קער (√ of following; compare Arabic be deep , of well, come 
BDB7513	קפז	root or unpointed	קפז (√ of following; compare Arabic leap, spring ; so ᵑ7 קְפ
BDB7524	קצה	root or unpointed	II. קצה (√ of following ( Ol § 215 h Kö ii. 1, 405 ); compar
BDB7526	קצח	root or unpointed	קצח (√ of following; meaning unknown; Late Hebrew קֶצַח = Bi
BDB7532	קצע	root or unpointed	II. קצע (√ of following; compare Aramaic קָטַע , cut off , a
BDB7537	קצף	root or unpointed	II. קצף (√ of following; Arabic break, snap off ).
BDB7565	קרב	root or unpointed	II. קרב (√ of following; compare Assyrian kirbu , midst ; La
BDB7593	קרח	root or unpointed	II. קרח (√ of following; meaning unknown).
BDB7596	קרן	root or unpointed	קרן (√ of following; meaning dubious; compare Assyrian ‡arnu
BDB7619	קרשׁ	word	קרשׁ (√ of following; compare Late Hebrew רַשׁ be ( come ) f
BDB7621	קשׂה	word	קשׂה (√ of following, meaning dubious; compare Arabic basket
BDB7624	קשׂט	word	קשׂט (√ of following; meaning dubious).
BDB7626	קשׂשׂ	word	קשׂשׂ (√ of following; Late Hebrew קַשְׂקֶשֶׂת scale ; compa
BDB7628	קשׁא	word	קשׁא (√ of following; compare Arabic , Ethiopic Late Hebrew 
BDB7639	קשׁה	word	II. קשׁה (√ of following meaning dubious; Thes decorticavit 
BDB7644	קשׁט	word	קשׁט (√ of following; compare Palmyrene קשט succeed ; Aramai
BDB7649	קשׁשׁ	word	I. קשׁשׁ (√ of following; compare ᵑ7 קְשַׁשׁ be old (origina
BDB7697	רָבַב	word	[ רָבַב ] Pu`al denominative from preceding: — Participle fe
BDB7703	רבד	root or unpointed	I. רבד (√ of following; compare Arabic confine, tie .)
BDB7717	רבע	root or unpointed	I. רבע (√ of following; see [ רָבַע ], רֶ֫בַע , רֹ֫בַע etc.,
BDB7731	רבק	root or unpointed	רבק (√ of following; compare Arabic tie fast ; ᵑ7 רִיבְקָא s
BDB7734	רגב	root or unpointed	רגב (√ of following).
BDB7745	רִגֵל	word	רִגֵל ( treader, fuller (compare כבס ), so Thes SS and other
BDB7782	רהג	root or unpointed	רהג (√ of following; Arabic is raise (dust, a tumult, confli
BDB7785	רהט	root or unpointed	I. רהט (√ of following, probably collect, gather , compare A
BDB7787	רהט	root or unpointed	II. רהט (√ of two following; perhaps Aramaic רְהַט = רוּץ ru
BDB7796	רוח	root or unpointed	רוח (√ of following; probably breathe, blow (see Gerber 46 )
BDB7826	רוף	root or unpointed	רוף (√ of following; = רפא ).
BDB7838	רזח	root or unpointed	רזח (? cry out , compare Talmud מְרֻזָּח bewailed ).
BDB7855	רחה	root or unpointed	רחה (√ of following; meaning unknown; Late Hebrew = Biblical
BDB7858	רחל	root or unpointed	רחל (√ of following; meaning ?; compare Late Hebrew רָחֵל (p
BDB7861	רחם	root or unpointed	I. רחם (√ of following; original meaning dubious; Thes be so
BDB7873	רחם	root or unpointed	II. רחם (√ of following; compare Arabic vulture ; noun of in
BDB7876	רחן	root or unpointed	רחן (apparently √ of following; meaning dubious).
BDB7893	רטט	root or unpointed	רטט (Aramaic רְטֵט tremble , rare, derived species).
BDB7909	ריף	root or unpointed	ריף (√ of following; meaning unknown).
BDB7924	רֵכָבִי	word	[ רֵכָבִי ] adjective, of a people of רֵכָב of 1 , only plur
BDB7950	רמה	root or unpointed	III. רמה (√ of following; connection With II. ׳ ר dubious; c
BDB7962	רמל	root or unpointed	רמל (in following compound; Thes compare Arabic adorn with g
BDB7980	רסן	root or unpointed	רסן (√of following; compare Arabic ( Frä 100 f. ) = רֶסֶן ; 
BDB7985	רסס	root or unpointed	II. רסס (√ of following; Late Hebrew רָסַס Pi`el break, crus
BDB8012	רעה	root or unpointed	III. רעה (Aramaic רְעָא , , take pleasure (in), desire , = A
BDB8021	רעם	root or unpointed	רעם ( √ of following, probably onomatopoetic; Gerber 47 prop
BDB8028	רָעַן	word	[ רָעַן ] verb only Pa`lel be or grow luxuriant, fresh, gree
BDB8030	רעע	root or unpointed	I. רעע (√ of following; original meaning dubious).
BDB8043	רָפָא	word	II. רָפָא see רפה . — See also ׳ בֵּית ר p. 112.
BDB8069	רפשׁ	word	רפשׁ (√ of following; Late Hebrew רֶפֶשׂ = Biblical Hebrew; 
BDB8086	רצף	root or unpointed	II. רצף (√ of following; probably glow , compare Arabic heat
BDB8112	רקק	root or unpointed	I. רקק (√of following; Arabic be thin , also figurative be w
BDB8120	רשׁה	word	רשׁה (√of following; compare Late Hebrew Hiph`il permit , Ho
BDB8123	רשׁע	word	רשׁע (√of following; opposed to צרק ; compare Arabic be loos
BDB8129	רשׁף	word	רשׁף (√ of following; Samaritan irritavit, incendit ; Late H
BDB8143	רתת	root or unpointed	רתת (√ of foll; Late Hebrew רָתַת , Aramaic רְתַת , , all tr
BDB8145	שׂ	word	שׂ שׂ sîn , 21st letter (with שׁ , q. v.).
BDB8146	שׂאר	word	שׂאר (√ of following; verb unknown; compare Late Hebrew שְׂא
BDB8148	שׂבךְ	word	שׂבךְ (√ of following; interweave ; Late Hebrew סָבַךְ , der
BDB8169	שׂדה	word	שׂדה (√ of following, meaning unknown; following plausibly c
BDB8174	שׂהר	word	שׂהר (√ of following; compare Arabic new moon ( is make cons
BDB8180	שׂוך	word	II. שׂוך (? || II. שׂכך : compare Late Hebrew סוֺכָה ; Arama
BDB8188	שׂום	word	II. שׂום , שׂים (perhaps √ of following; compare Arabic be i
BDB8206	שׂטן	word	שׂטן (√ of following).
BDB8214	שׂיד	word	שׂיד (√ of following: Late Hebrew סִיד lime , סַיָּד white-w
BDB8217	שׂיח	word	I. שׂיח (√ of following; Late Hebrew שִׂיחַ speak , שִׂיחָה 
BDB8222	שׂיח	word	II. שׂיח (√ of following; compare perhaps Assyrian šâ—u , gr
BDB8224	שׂכה	word	שׂכה (√ of following; Late Hebrew סָכָה look out , Aramaic ס
BDB8261	שׂמל	word	שׂמל (√ of following; Arabic enclose, envelope ; cloak , Lan
BDB8268	שׂמר	word	שׂמר (apparently √ of following; meaning dubious).
BDB8274	שׂעף	word	שׂעף (√ of following; Thes and others identification with סע
BDB8277	שׂער	word	I. שׂער (√ of following; compare Arabic be hairy , , , hair 
BDB8294	שׂער	word	IV. שׂער (assumed as √ of following).
BDB8297	שׂפה	word	שׂפה (√ of following; compare Late Hebrew = Biblical Hebrew;
BDB8303	שׂקק	word	שׂקק (assumed as √ of following, but nowhere found).
BDB8313	שׂרד	word	II. שׂרד (√ of following, plait, braid? ( Lag BN 175 ff. thi
BDB8320	שׂרה	word	II. שׂרה (√ of following; = rule ? compare שׂרר ).
BDB8338	שׂרק	word	I. שׂרק (Late Hebrew סָרַק , Aramaic , סְרַק , all comb, car
BDB8340	שׂרק	word	II. שׂרק (compare Late Hebrew סָרָק light red ; הִשְׂרִיק Ec
BDB8347	שׂרר	word	שׂרר (√ of following; meaning dubious; Dl Pr 92 compare Assy
BDB8355	שׁ	word	שׁ שׁ Šin , 21st letter (with שׂ ); = 300 in post-Biblical H
BDB8385	שׁאר	word	II. שׁאר (√ of following; compare Assyrian šêru , Punic שאר 
BDB8391	שׁבב	word	I. שׁבב (Late Hebrew שָׁבַב Pi`el hew ; Arabic cut, Aramaic 
BDB8393	שׁבב	word	II. שׁבב (Assyrian šabâbu , blaze , compare Syriac burn , ra
BDB8409	שׁבט	word	שׁבט ( √ of following; compare Assyrian šabâ‰u , smite, slay
BDB8413	שׁבל	word	שׁבל (√ of following; compare Arabic IV. cause to hang down 
BDB8419	שׁבן	word	שׁבן (√ of following; meaning dubious).
BDB8422	שׁבס	word	שׁבס (√ of following; meaning ?).
BDB8439	שׁבק	word	שׁבק (√of following; compare Biblical Aramaic ᵑ7 , שְׁבַק le
BDB8470	שׁגר	word	שׁגר (√of following; compare Aramaic שְׁגַר cast, throw , Ex
BDB8475	שׁדה	word	שׁדה (√ of following; Arabic moisten , breast ; Aramaic Plur
BDB8481	שׁדם	word	שׁדם √of following; meaning unknown).
BDB8487	שׁדשׁ	word	שׁדשׁ (√of following; Sabean סדתֿ , סתֿ , six SabDenkm 90 Ho
BDB8495	שׁוא	word	I. שׁוא (√ of following; compare Arabic (medial ) be evil, f
BDB8497	שׁוא	word	II. שׁוא (√ of following; probably || form of שׁאה ).
BDB8517	שׁוג	word	שׁוג (√ of following; || form of שׁגג , שׁגה ).
BDB8543	שׁוּל	word	שׁוּל (√ of following; compare Arabic hang down loose ).
BDB8556	שׁוּק	word	I. שׁוּק (√ of following, meaning dubious; Arabic is drive b
BDB8560	שׁוק	word	III. שׁוק (√ of following; Ba ES 46 compare Arabic attract, 
BDB8567	שׁור	word	III. שׁור (√ of following; Arabic is become raised, excited,
BDB8590	שׁחל	word	שׁחל (√ of following; Dl Prol.34 compare Assyrian ša—âlu , c
BDB8593	שׁחן	word	שׁחן (√ of following; compare Arabic be hot , then inflamed 
BDB8595	שׁחף	word	שׁחף (√ of שַׁחֶפֶת and possibly of שַׁחַף ; Arabic is pare,
BDB8598	שׁחץ	word	שׁחץ (√ of following; compare Late Hebrew act proudly , and 
BDB8609	שׁחר	word	II. שׁחר (√ of following; MI 15 שחרת , Arabic , Assyrian šêr
BDB8627	שׁטר	word	שׁטר (√ of following; Assyrian ša‰âru , write , Sabean סטר H
BDB8639	שׁין	word	שׁין (√ of following; compare Assyrian šînu , Iphte. istîn ,
BDB8642	שׁיר	word	שׁיר (√ of following, compare Nö ZMG xxxvii (1883), 537 ).
BDB8669	שׁכם	word	שׁכם (√ of following, meaning unknown; Late Hebrew Hiph`il =
BDB8685	שׁכר	word	II. שׁכר (√ of following; meaning unknown).
BDB8692	שׁלג	word	שׁלג (√ of following, unless loan-word; Late Hebrew = Biblic
BDB8718	שׁלח	word	II. שׁלח (√ of following; Arabic strip off hide , piece of h
BDB8723	שׁלט	word	II. שׁלט (√ of following; Zehnpf BAS i. 535, No. 53 cites As
BDB8761	שׁלשׁ	word	שׁלשׁ (√ of following; meaning unknown; conjectures in Dietr
BDB8783	שׁמא	word	שׁמא (√ of following).
BDB8791	שׁמה	word	שׁמה (apparently √ of following; Sta §324 a. ; so Thes , com
BDB8815	שׁמן	word	II. שׁמן , שׁמני (√ of following; meaning unknown).
BDB8845	שׁמץ	word	שׁמץ (√ of following; compare Late Hebrew שֵׁמֶץ accusation 
BDB8867	שׁמר	word	II. שׁמר (√ of following; compare Late Hebrew שְׁמָרִים = Bi
BDB8869	שׁמר	word	III. שׁמר (√ of following; meaning dubious; Late Hebrew שָׁמ
BDB8873	שׁמשׁ	word	שׁמשׁ (√ of following; meaning unknown; Late Hebrew = Biblic
BDB8879	שׁנב	word	שׁנב (√ of following; meaning dubious).
BDB8883	שׁנה	word	II. שׁנה (√of following, meaning dubious; Thes compare Arabi
BDB8904	שׁעט	word	שׁעט (√of following; Arabic II. pound to pieces ).
BDB8907	שׁעל	word	I. שׁעל (√of following; Late Hebrew שַׁעַל , deep, depth , o
BDB8910	שׁעל	word	II. שׁעל (√of following; Late Hebrew שׁוּעָל , שׁעל ; Arabic
BDB8913	שׁוּעָל	word	III. שׁוּעָל proper name, masculine in Asher ; — 1Chr 7:36 ,
BDB8917	שׁעם	word	שׁעם √assumed by Thes for מִשְׁעָם proper name q. v.
BDB8928	שׁער	word	I. שׁער (√of following; Arabic break, break off, through , g
BDB8935	שׁער	word	III. שׁער (√of following).
BDB8946	שׁפה	word	II. שׁפה (compare Arabic stone (one of three) supporting ket
BDB8952	שׁפח	word	שׁפח (√ of following; compare Sabean ספח pour , also noun מס
BDB8975	שׁפן	word	שׁפן (√ of following; compare Arabic Fresnel JAS 1838, 514 T
BDB8977	שָׁפָן	word	II. שָׁפָן proper name, masculine Saf(f)an: 1. secretary ( ה
BDB8979	שׁפע	word	שׁפע (√ of following; Late Hebrew שָׁפַע flow abundantly, be
BDB8983	שׁפף	word	שׁפף (√of following).
BDB9017	שׁקף	word	II. שׁקף (√ of following; compare Aramaic שְׁקַף , strike , 
BDB9021	שׁקץ	word	שׁקץ (√ of following; compare Assyrian šikƒu , apparently a 
BDB9027	שׁקר	word	שׁקר (√ of following; deceive ; Aramaic שְׁקַר deceive , als
BDB9030	שׁרב	word	שׁרב (√ of following, parch ; Late Hebrew שָׁרַב be scorched
BDB9034	שׁרה	word	II. שׁרה (√ of following; compare Arabic be moist ; Aramaic 
BDB9036	שׁרה	word	III. שׁרה (√ of following; compare Arabic , , short dart ).
BDB9038	שׁרה	word	IV. שׁרה (√ of following; meaning dubious; compare Assyrian 
BDB9049	שׁרר	word	שׁרר (√ of [ שָׁרִיר ], שְׁרִירוּת , and perhaps of other wo
BDB9057	שׁרשׁ	word	שׁרשׁ (apparently √ of following; Di Job 40:16 Buhl and othe
BDB9076	שׁתה	word	II. שׁתה (√ of following; || of שׁית ; = set, sit ).
BDB9078	שׁתה	word	III. שׁתה (√ of following; Aramaic שְׁתִי , weave ( Judg 16:
BDB9086	ת	root or unpointed	ת , תּ ת , תּ Taw , 22nd letter; = 400 in Post-Biblical Hebr
BDB9093	תאם	root or unpointed	תאם ( Buhl after Ba NB § 182 b proposes III. agree as √ of f
BDB9111	תהה	root or unpointed	תהה (√ of following; meaning dubious: Aramaic תְּהָא is rage
BDB9114	תהם	root or unpointed	תהם (probably √ of following, in view of Assyrian tiâmtu , t
BDB9118	תוה	root or unpointed	I. תוה (√ of following; compare Late Hebrew תָּאו = Biblical
BDB9127	תוף	root or unpointed	תוף (√ of following [ Levy NHWB iv. 661, under the word תופת
BDB9150	תכך	root or unpointed	תכך (√ of following, compare plural; Arabic overcome (of win
BDB9164	תלל	root or unpointed	I. תלל (apparently √ of following; Late Hebrew תֵּל heap , ת
BDB9172	תלם	root or unpointed	תלם (√ of following; compare Late Hebrew תֶּלֶם = Biblical H
BDB9175	תלע	root or unpointed	תלע (√ of following; perhaps gnaw , see מְתַלְּעוֺת infra, a
BDB9195	תמר	root or unpointed	תמר (√of following; compare perhaps Arabic be erect, stiff (
BDB9206	תנך	root or unpointed	תנך (√ of following).
BDB9209	תנן	root or unpointed	I. תנן (√ of following; ? akin to II. תנה in sense lament , 
BDB9212	תנן	root or unpointed	II. תנן (√ of following; apparently || נתן ; compare also I.
BDB9214	תעב	root or unpointed	תעב (√of following; תאב (see [ תָּעַב ] Amos 6:8 ) is errone
BDB9224	תפל	root or unpointed	I. תפל (√ of following; Late Hebrew תָּפַל ᵑ7 אִתַּפַּל , in
BDB9227	תפל	root or unpointed	II. תפל (√ of following; akin to טָפַל ).
BDB9230	תפף	root or unpointed	תפף (√ of following; compare ᵑ7 תֻּפָּא Exod 15:20 timbrel ,
BDB9266		root or unpointed	אבה (assumed as √ of following).
BDB9275	אוֺת	word	אוה (√ of following; see Biblical Hebrew אוֺת , אוה ).
BDB9277	אול	root or unpointed	אול (√ of following, Biblical Hebrew II. אול , איל ).
BDB9341		root or unpointed	אַרְיוֺךְ proper name, masculine in Babylonian (Biblical Heb
BDB9358	ב	root or unpointed	ב בְּ preposition in, with, through , etc. (Biblical Hebrew 
BDB9366		root or unpointed	בול (assumed as probably √ of following Brock Schulth ; Lane
BDB9451		root or unpointed	[ דָּכְרָן ] noun [masculine] id.; — plural emphatic סְפַר ד
BDB9463	ה	root or unpointed	ה הֲ interrogative particle (Biblical Hebrew הֲ , q. v. : ᵑ7
BDB9478	ᵑ7	root or unpointed	הרהר (check of following, ᵑ7 הַרְהֵר , Late Hebrew הִרְהֵר r
BDB9480	ו	root or unpointed	ו וְ , וּ conjunction and (Biblical Hebrew וְ ), used mostly
BDB9510	ᵑ7	root or unpointed	חוד (√ of following; ᵑ7 חוּד , חוּדִיתָא , riddle , see Bibl
BDB9631	ל	root or unpointed	ל ל preposition to, for, in regard to, at , mark of accusati
BDB9835	צבע	root or unpointed	II. צבע (√ of following; compare Biblical Hebrew II. צבע ).
BDB9846	ק	root or unpointed	ק קבל (√ of following, be in front of ).
BDB9925	שׁבב	word	שׁבב (√ of following; compare Biblical Hebrew II. שׁבב ).
