strongs	lang	lemma	bdb
H13	hbo	אׇבְדַן	shared
H21	hbo	אֲבִי	shared
H25	hbo	אֲבִי גִבְעוֹן	none
H38	hbo	אֲבִיָּם	shared
H43	hbo	אֶבְיָסָף	shared
H59	hbo	אָבֵל	shared
H62	hbo	אָבֵל בֵּית־מֲעַכָה	shared
H63	hbo	אָבֵל הַשִּׁטִּים	shared
H64	hbo	אָבֵל כְּרָמִים	shared
H65	hbo	אָבֵל מְחוֹלָה	shared
H66	hbo	אַבֵל מַיִם	shared
H67	hbo	אָבֵל מִצְרַיִם	shared
H72	hbo	אֶבֶן הָעֵזֶר	shared
H85	hbo	אַבְרָהָם	shared
H121	hbo	אָדָם	shared
H128	hbo	אֲדָמָה	shared
H136	hbo	אֲדֹנָי	shared
H150	hbo	אֲדַרְכֹּן	shared
H169	hbo	אֹהֶל	shared
H206	hbo	אָוֶן	shared
H274	hbo	אֲחַזְיָה	shared
H277	hbo	אֲחִי	shared
H317	arc	אׇחֳרִי	shared
H341	hbo	אֹיֵב	shared
H358	hbo	אֵילוֹן בֵּית חָנָן	shared
H365	hbo	אַיֶּלֶת	shared
H372	hbo	אִיעֶזֵר	shared
H373	hbo	אִיעֶזְרִי	shared
H381	hbo	אִישׁ־חַיִל	shared
H382	hbo	אִישׁ־טוֹב	shared
H388	hbo	אֵיתָנִים	shared
H415	hbo	אֵל אֱלֹהֵי יִשְׂרָאֵל	shared
H416	hbo	אֵל בֵּית־אֵל	shared
H431	arc	אֲלוּ	shared
H449	hbo	אֱלִידָד	shared
H459	arc	אִלֵּין	shared
H479	arc	אִלֵּךְ	shared
H505	hbo	אֶלֶף	shared
H516	hbo	אַל תַּשְׁחֵת	shared
H527	hbo	אָמוֹן	shared
H547	hbo	אֹמְנָה	shared
H553	hbo	אָמַץ	none
H612	hbo	אֵסוּר	shared
H624	hbo	אָסֻף	shared
H706	hbo	אַרְבַּעְתַּיִם	shared
H723	hbo	אֻרְוָה	shared
H726	hbo	אֲרוֹמִי	shared
H740	hbo	אֲרִיאֵל	shared
H747	hbo	אֲרִיסַי	none
H760	hbo	אֲרַם צוֹבָה	shared
H763	hbo	אֲרַם נַהֲרַיִם	shared
H791	hbo	אַשְׁבֵּעַ	none
H792	hbo	אֶשְׁבַּעַל	shared
H798	hbo	אַשְׁדּוֹת הַפִּסְגָּה	shared
H799	hbo	אֶשְׁדָּת	shared
H808	hbo	אָשִׁישׁ	shared
H839	hbo	אֲשֻׁר	shared
H865	hbo	אֶתְמוֹל	shared
H869	hbo	אֶתְנַן	shared
H876	hbo	בְּאֵר	shared
H879	hbo	בְּאֵר אֵלִים	shared
H960	hbo	בָּזֹה	shared
H1028	hbo	בֵּית הָרָן	shared
H1037	hbo	בֵּית מִלּוֹא	shared
H1056	hbo	בָּכָא	shared
H1070	hbo	בֶּכֶר	shared
H1073	hbo	בַּכֻּרָה	shared
H1117	hbo	בָּמָה	shared
H1123	arc	בֵּן	shared
H1143	hbo	בֵּנַיִם	shared
H1154	hbo	בֶּסֶר	shared
H1164	hbo	בְּעִי	shared
H1168	hbo	בַּעַל	shared
H1170	hbo	בַּעַל בְּרִית	shared
H1176	hbo	בַּעַל זְבוּב	shared
H1180	hbo	בַּעֲלִי	shared
H1181	hbo	בַּעֲלֵי בָּמוֹת	shared
H1184	hbo	בַּעֲלֵי יְהוּדָה	shared
H1194	hbo	בְּעֹן	shared
H1208	hbo	בָּצוֹר	shared
H1222	hbo	בְּצַר	shared
H1286	hbo	בְּרִית	shared
H1296	hbo	בֶּרֶכְיָה	none
H1313	hbo	בָּשָׂם	none
H1329	hbo	בְּתוּל	shared
H1336	hbo	בֶּתֶר	shared
H1362	hbo	גָּבָהּ	shared
H1399	hbo	גְּבַר	shared
H1408	hbo	גַּד	none
H1418	hbo	גְּדוּדָה	shared
H1447	hbo	גָּדֵר	shared
H1499	hbo	גֵּזֶל	shared
H1519	arc	גִּיחַ	none
H1531	hbo	גֹּל	shared
H1581	hbo	גָּמָל	none
H1594	hbo	גִּנָּה	shared
H1708	hbo	דַּבֶּשֶׁת	shared
H1771	hbo	דַּיָּג	shared
H1855	arc	דְּקַק	shared
H1939	hbo	הוֹדַיְוָהוּ	shared
H1941	hbo	הוֹדִיָּה	shared
H1946	arc	הוּךְ	shared
H1965	arc	הֵיכַל	shared
H1996	hbo	הֲמוֹן גּוֹג	shared
H2017	hbo	הֹפֶךְ	shared
H2042	hbo	הָרָר	shared
H2089	hbo	זֶה	shared
H2116	hbo	זוּרֶה	shared
H2176	hbo	זִמְרָת	shared
H2185	hbo	זֹנוֹת	none
H2189	hbo	זַעֲוָה	shared
H2316	hbo	חֲדַר	shared
H2334	hbo	חַוּוֹת יָעִיר	shared
H2337	hbo	חָוָח	shared
H2361	hbo	חוּרָם	shared
H2402	arc	חַטָּאָה	shared
H2425	hbo	חָיַי	shared
H2439	hbo	חִישׁ	shared
H2454	hbo	חׇכְמוֹת	shared
H2510	hbo	חָלָק	shared
H2511	hbo	חַלָּק	shared
H2565	hbo	חֲמֹרָה	shared
H2578	hbo	חֲמַת צוֹבָה	shared
H2579	hbo	חֲמַת רַבָּה	shared
H2589	hbo	חַנּוֹת	shared
H2618	hbo	חֶסֶד	shared
H2699	hbo	חֲצֵרִים	shared
H2702	hbo	חֲצַר סוּסִים	shared
H2704	hbo	חֲצַר עֵינָן	shared
H2711	hbo	חֵקֶק	shared
H2753	hbo	חֹרִי	shared
H2755	hbo	חֲרֵי־יוֹנִים	shared
H2769	hbo	חֶרְמוֹנִים	shared
H2794	hbo	חֹרֵשׁ	shared
H2798	hbo	חֲרָשִׁים	shared
H2824	hbo	חֶשְׁכָה	shared
H2890	hbo	טְהוֹר	shared
H2922	hbo	טְלָא	shared
H2941	arc	טַעַם	shared
H2962	hbo	טֶרֶם	shared
H3057	hbo	יְהֻדִיָּה	shared
H3069	hbo	יְהֹוִה	shared
H3070	hbo	יְהֹוָה יִרְאֶה	shared
H3071	hbo	יְהֹוָה נִסִּי	shared
H3072	hbo	יְהֹוָה צִדְקֵנוּ	shared
H3073	hbo	יְהֹוָה שָׁלוֹם	shared
H3074	hbo	יְהֹוָה שָׁמָּה	shared
H3084	hbo	יְהוֹסֵף	shared
H3090	hbo	יְהוֹשַׁבְעַת	shared
H3099	hbo	יוֹאָחָז	shared
H3101	hbo	יוֹאָשׁ	shared
H3107	hbo	יוֹזָבָד	shared
H3110	hbo	יוֹחָנָן	shared
H3111	hbo	יוֹיָדָע	shared
H3112	hbo	יוֹיָכִין	shared
H3113	hbo	יוֹיָקִים	shared
H3114	hbo	יוֹיָרִיב	shared
H3122	hbo	יוֹנָדָב	shared
H3128	hbo	יוֹנַת אֵלֶם רְחֹקִים	shared
H3129	hbo	יוֹנָתָן	shared
H3136	hbo	יוֹצָדָק	shared
H3137	hbo	יוֹקִים	shared
H3141	hbo	יוֹרָם	shared
H3146	hbo	יוֹשָׁפָט	shared
H3153	hbo	יְזַנְיָה	shared
H3159	hbo	יִזְרְעֵאלִית	shared
H3169	hbo	יְחִזְקִיָּה	shared
H3185	hbo	יַחְצִיאֵל	shared
H3212	hbo	יָלַךְ	shared
H3240	hbo	יָנַח	shared
H3249	hbo	יָסוּר	shared
H3273	hbo	יְעִיאֵל	shared
H3274	hbo	יְעִישׁ	shared
H3292	hbo	יַעֲקָן	shared
H3301	hbo	יִפְדְּיָה	none
H3334	hbo	יָצַר	shared
H3340	hbo	יִצְרִי	shared
H3347	hbo	יׇקְדְעָם	shared
H3442	hbo	יֵשׁוּעַ	shared
H3482	hbo	יִשְׂרְאֵלִית	shared
H3571	hbo	כּוּשִׁית	shared
H3613	hbo	כָּלֵב אֶפְרָתָה	shared
H3659	hbo	כׇּנְיָהוּ	shared
H3661	hbo	כָּנַן	shared
H3696	hbo	כִּסְלֹת תָּבֹר	shared
H3726	hbo	כְּפַר הָעַמּוֹנִי	shared
H3743	hbo	כְּרוּב	shared
H3762	hbo	כַּרְמְלִית	shared
H3769	hbo	כָּרַר	shared
H3773	hbo	כָּרֻתָה	shared
H3778	hbo	כַּשְׂדִּי	shared
H3827	hbo	לַבָּה	shared
H3840	hbo	לִבְנָה	shared
H3866	hbo	לוּדִי	shared
H3945	hbo	לָצַץ	none
H3964	arc	מָא	shared
H3997	hbo	מְבוֹאָה	shared
H4036	hbo	מָגוֹר מִסָּבִיב	shared
H4059	hbo	מִדַּד	shared
H4079	hbo	מִדְיָן	shared
H4090	hbo	מְדָן	shared
H4092	hbo	מְדָנִי	shared
H4109	hbo	מַהֲלָךְ	shared
H4118	hbo	מַהֵר	none
H4123	hbo	מַהֲתַלָּה	none
H4142	hbo	מוּסַבָּה	none
H4146	hbo	מוֹסָדָה	shared
H4153	hbo	מוֹעַדְיָה	shared
H4154	hbo	מוּעֶדֶת	shared
H4176	hbo	מוֹרֶה	shared
H4178	hbo	מוֹרָט	shared
H4215	hbo	מְזָרֶה	shared
H4282	hbo	מַחֲרֶשֶׁת	shared
H4319	hbo	מִיכָהוּ	shared
H4328	hbo	מְיֻסָּדָה	shared
H4342	hbo	מַכְבִּיר	shared
H4356	hbo	מִכְלָאָה	shared
H4369	hbo	מְכֻנָה	shared
H4389	hbo	מַכְתֵּשׁ	shared
H4484	arc	מְנֵא	shared
H4509	hbo	מִנְיָמִין	shared
H4559	hbo	מִסְפֶּרֶת	shared
H4593	hbo	מָעֹט	shared
H4610	hbo	מַעֲלֵה עַקְרַבִּים	shared
H4629	hbo	מַעֲרֶה	shared
H4632	hbo	מְעָרָה	shared
H4641	hbo	מַעֲשֵׂיָה	shared
H4648	hbo	מְפִיבֹשֶׁת	none
H4663	hbo	מִפְקָד	shared
H4678	hbo	מַצֶּבֶת	shared
H4704	hbo	מִצְּעִירָה	shared
H4717	hbo	מַקָּבָה	shared
H4725	hbo	מָקוֹם	none
H4742	hbo	מְקֻצְעָה	shared
H4757	hbo	מְרֹאדַךְ בַּלְאָדָן	shared
H4763	hbo	מְרַאֲשָׁה	shared
H4798	hbo	מַרְזֵחַ	shared
H4810	hbo	מְרִי בַעַל	none
H4827	hbo	מֵרַע	shared
H4921	hbo	מְשִׁלֵּמִית	shared
H4930	hbo	מַשְׂמְרָה	shared
H4965	hbo	מֶתֶג הָאַמָּה	shared
H4972	hbo	מַתְּלָאָה	none
H4973	hbo	מְתַלְּעָה	shared
H4984	hbo	מִתְנַשֵּׂא	shared
H4988	hbo	מָתָק	shared
H4999	hbo	נָאָה	shared
H5118	hbo	נוּחַ	shared
H5211	hbo	נִיס	none
H5227	hbo	נֹכַח	shared
H5229	hbo	נְכֹחָה	shared
H5253	hbo	נָסַג	shared
H5267	arc	נְסַק	shared
H5297	hbo	נֹף	shared
H5300	hbo	נְפוּשְׁסִים	shared
H5354	hbo	נָקַט	shared
H5372	hbo	נִרְגָּן	shared
H5494	hbo	סוּר	shared
H5505	hbo	סָחַר	shared
H5574	hbo	סְנוּאָה	shared
H5598	hbo	סִפַּי	shared
H5626	hbo	סִרָה	shared
H5635	hbo	סָרַף	shared
H5722	hbo	עֲדִינוֹ	shared
H5735	hbo	עֲדְעָדָה	shared
H5815	hbo	עֲזִיאֵל	none
H5843	arc	עֵטָא	shared
H5853	hbo	עַטְרוֹת אַדָּר	shared
H5854	hbo	עַטְרוֹת בֵּית יוֹאָב	shared
H5855	hbo	עַטְרוֹת שׁוֹפָן	shared
H5863	hbo	עִיֵּי הָעֲבָרִים	none
H5865	hbo	עֵילוֹם	shared
H5875	hbo	עֵין הַקּוֹרֵא	shared
H5883	hbo	עֵין רֹגֵל	shared
H5886	hbo	עֵין תַּנִּים	shared
H5888	hbo	עָיֵף	shared
H5917	hbo	עָכָר	shared
H5921	hbo	עַל	shared
H5932	hbo	עַלְוָה	shared
H5976	hbo	עָמַד	shared
H5978	hbo	עִמָּד	shared
H5985	hbo	עַמּוֹנִית	shared
H5993	hbo	עַמִּי נָדִיב	shared
H6038	hbo	עֲנָוָה	shared
H6046	hbo	עָנֵם	shared
H6062	hbo	עֲנָקִי	shared
H6077	hbo	עֹפֶל	shared
H6112	hbo	עֵצֶן	none
H6159	hbo	עֹרֵב	shared
H6164	hbo	עַרְבָתִי	shared
H6255	hbo	עַשְׁתְּרֹת קַרְנַיִם	shared
H6264	hbo	עָתִיד	shared
H6271	hbo	עֲתַלְיָה	shared
H6302	hbo	פָּדוּי	shared
H6331	hbo	פּוּר	shared
H6358	hbo	פָּטוּר	shared
H6359	hbo	פָּטִיר	shared
H6366	hbo	פֵּיָה	shared
H6374	hbo	פִּיפִיָּה	shared
H6407	hbo	פַּלְטִי	shared
H6422	hbo	פַּלְמוֹנִי	shared
H6438	hbo	פִּנָּה	shared
H6450	hbo	פַּס דַּמִּים	shared
H6512	hbo	פֵּרָה	shared
H6546	hbo	פַּרְעָה	shared
H6549	hbo	פַּרְעֹה נְכֹה	shared
H6559	hbo	פְּרָצִים	shared
H6560	hbo	פֶּרֶץ עֻזָּא	shared
H6702	hbo	צוּת	shared
H6708	hbo	צְחִיחִי	none
H6737	hbo	צָיַר	shared
H6752	hbo	צֵלֶל	shared
H6799	hbo	צְנָן	shared
H6827	hbo	צְפוֹן	shared
H6839	hbo	צֹפִים	shared
H6897	hbo	קֹבָה	shared
H6905	hbo	קָבָל	shared
H6909	hbo	קַבְצְאֵל	shared
H6947	hbo	קָדֵשׁ בַּרְנֵעַ	shared
H6948	hbo	קְדֵשָׁה	shared
H6961	hbo	קָוֶה	shared
H6987	hbo	קֹטֶב	shared
H6990	hbo	קָטַט	shared
H7019	hbo	קַיִץ	shared
H7025	hbo	קִיר חֶרֶשׂ	shared
H7029	hbo	קִישִׁי	shared
H7041	hbo	קֵלָיָה	shared
H7063	hbo	קִמָּשׁוֹן	shared
H7113	arc	קְצַץ	none
H7119	hbo	קַר	none
H7125	hbo	קִרְאָה	shared
H7178	hbo	קַרְתָּן	shared
H7201	hbo	רָאָה	shared
H7207	hbo	רַאֲוָה	shared
H7249	hbo	רַב־סָרִיס	shared
H7252	hbo	רֶבַע	shared
H7260	arc	רַבְרַב	shared
H7262	hbo	רַבְשָׁקֵה	shared
H7294	hbo	רַהַב	shared
H7319	hbo	רוֹמְמָה	shared
H7358	hbo	רֶחֶם	shared
H7361	hbo	רַחֲמָה	shared
H7421	hbo	רַמִּי	shared
H7432	hbo	רֶמֶת	shared
H7433	hbo	רָמֹת גִּלעָד	shared
H7434	hbo	רָמַת הַמִּצְפֶּה	shared
H7436	hbo	רָמָתַיִם צוֹפִים	shared
H7437	hbo	רָמַת לֶחִי	shared
H7444	hbo	רַנֵּן	shared
H7465	hbo	רֹעָה	shared
H7515	hbo	רָפַשׂ	shared
H7529	hbo	רֶצֶף	shared
H7535	hbo	רַק	shared
H7572	hbo	רַתִּיקָה	shared
H7598	arc	שְׁאַלְתִּיאֵל	shared
H7608	hbo	שַׁאֲרָה	shared
H7638	hbo	שָׂבָךְ	none
H7654	hbo	שׇׂבְעָה	shared
H7671	hbo	שְׁבָרִים	shared
H7721	hbo	שׂוֹא	none
H7734	hbo	שׂוּג	shared
H7735	hbo	שׂוּג	shared
H7736	hbo	שׁוּד	none
H7738	hbo	שָׁוָה	shared
H7742	hbo	שׂוּחַ	none
H7765	hbo	שׁוּנִי	shared
H7773	hbo	שֶׁוַע	shared
H7780	hbo	שׁוֹפָךְ	shared
H7786	hbo	שׂוּר	shared
H7798	hbo	שַׁוְשָׁא	none
H7802	hbo	שׁוּשַׁן עֵדוּת	shared
H7820	hbo	שָׁחַט	shared
H7864	hbo	שְׁיָא	none
H7873	hbo	שִׂיג	shared
H7917	hbo	שְׂכִירָה	shared
H7929	hbo	שִׁכְמָה	shared
H7930	hbo	שִׁכְמִי	none
H7953	hbo	שָׁלָה	shared
H7960	arc	שָׁלוּ	shared
H7984	arc	שִׁלְטוֹן	none
H7986	hbo	שַׁלֶּטֶת	shared
H8007	hbo	שַׂלְמָא	shared
H8009	hbo	שַׂלְמָה	shared
H8023	hbo	שִׁלֹנִי	shared
H8067	hbo	שְׁמִינִית	shared
H8073	hbo	שַׁמְלַי	shared
H8112	hbo	שִׁמְרוֹן מְראוֹן	shared
H8132	hbo	שָׁנָא	shared
H8133	arc	שְׁנָא	shared
H8153	hbo	שְׁנָת	shared
H8157	hbo	שֶׁסַע	shared
H8226	hbo	שָׂפַן	shared
H8241	hbo	שֶׁצֶף	shared
H8249	hbo	שִׁקֻּו	none
H8284	hbo	שָׁרָה	shared
H8293	hbo	שֵׁרוּת	shared
H8309	hbo	שְׁרֵמָה	shared
H8326	hbo	שֹׁרֶר	shared
H8340	arc	שֵׁשְׁבַּצַּר	none
H8351	hbo	שֵׁת	none
H8390	hbo	תַּאֲרֵעַ	shared
H8445	hbo	תּוֹקַהַת	shared
H8448	hbo	תּוֹר	shared
H8452	hbo	תּוֹרָה	shared
H8459	hbo	תֹּחוּ	shared
H8474	hbo	תַּחָרָה	shared
H8479	arc	תַּחַת	shared
H8499	hbo	תְּכוּנָה	shared
H8501	hbo	תָּכָךְ	shared
H8550	hbo	תֻּמִּים	shared
H8568	hbo	תַּנָּה	none
H8637	hbo	תִּרְגַּל	shared
